번호,우선순위,업체명,카테고리,홈페이지,대표전화,이메일,문의채널,소재지,주요취급품목,중국자체소싱망,선정이유,출처URL
1,상,(주)비투비앤씨,회수 대상(前 파트너 거래처),https://btobnc.co.kr/,02-745-9650,btobnc@daum.net,담당: 이병호 (휴대폰은 대표님 보유 메일 서명 참조),서울 금천구 가산동(대성디폴리스 B동 1806호),"판촉물·굿즈 벤더(추정), 세부 품목 확인 필요 / 공개정보: B2B 소싱 플랫폼 기업. 기업 대상 굿즈·PB(자체브랜드)·판촉물(PGI) 기획/개발/소싱 컨설팅, 시즌별 판촉 사은품 디자인·제조, BtoE(임직원몰) 기획·운영. 2008년 6월 설립, 소기업(2023년 매출 약 127.9억, 직원 7명). 팩스 02-745-9649, 사업자번호 101-86-40347.",약함(前 파트너 함석민을 통해 중국 생산 진행하던 거래처),"리자위와 결별한 前 파트너(함석민)가 응대하던 거래처로, 리자위 쪽 생산 실적을 근거로 직접 회수 가능.",함석민 경유 메일 서명(2024) ; https://btobnc.co.kr/contact ; https://www.jobplanet.co.kr/companies/154239/landing/%EB%B9%84%ED%88%AC%EB%B9%84%EC%95%A4%EC%94%A8 ; https://www.jobkorea.co.kr/recruit/co_read/c/choish73
2,상,스펙트럼비즈,회수 대상(前 파트너 거래처),,,spbiz1@hanmail.net,담당: 김상현 대표 / 메일 회신 이력 있음(2024.02 클립펜·온습도계 건),,"소량 판촉물(클립펜 2종 각 500개, 온습도계 500개, 팬톤 컬러 인쇄) / 공개정보: 검색상 (주)스펙트럼비즈(매장광고 POSM, LED 라이트패널 Wtalk)가 있으나 동일 회사인지 미확인",약함(前 파트너 함석민을 통해 중국 생산 진행하던 거래처),500개 단위 소량 판촉물을 중국 생산하던 거래처. 소량·팬톤 인쇄 대응 가능함을 강조하면 회수 가능성 높음.,함석민 경유 메일(2024.02.27) ; http://www.04uk.com/bbs/board.php?bo_table=03&wr_id=34299 ; https://rainbowdeco.com/contact ; https://abnexo.gobizkorea.com/user/goods/frontGoodsDetail.do?goods_no=GS2021101807985
3,상,지티비(GTB),회수 대상(前 파트너 거래처),,,gtb111@daum.net,메일 회신 이력 있음(2023.11 오스템임플란트 캐릭터 굿즈 건),,기업 캐릭터 굿즈 제작 중개(오스템임플란트 브랜드디자인팀 발주 → 중국 생산),약함(前 파트너 함석민을 통해 중국 생산 진행하던 거래처),오스템임플란트 같은 대기업 디자인팀 발주를 받아 생산처에 넘기는 전형적 벤더. 캐릭터 굿즈 반복 물량 기대.,함석민 경유 메일(2023.11.10)
4,상,"하나라인(hanaLine Co., Ltd.)",회수 대상(前 파트너 거래처),,02-929-6060,,담당: 양경호 Director / Fax 02-929-6092,서울 동대문구 용두동,"판촉물·봉제·인쇄 벤더(추정), 세부 품목 확인 필요",약함(前 파트너 함석민을 통해 중국 생산 진행하던 거래처),동대문 소재 벤더로 前 파트너 경유 물량이 있었던 곳. 회사 대표번호가 확보돼 있어 바로 전화 가능.,함석민 경유 메일 서명(2024)
5,중,"강정호(회사명 미확인, SSGP 박스 건)",회수 대상(前 파트너 거래처),,,scott7015@naver.com,메일 회신 이력 있음(2024.02 SSGP 패키지 박스 도면 건),,"브랜드 패키지 박스(SSGP PK outline ai/pdf 도면 전달) / 공개정보: SSGP는 화장품이 아니라 스테인리스(SUS304) 주방 조리도구 브랜드. 국내 온라인몰(SSG.COM/신세계몰, 한샘몰, YES24, 옥션, 다나와, 체어마트, 케이트왈츠 등)에서 '독일 SSGP 스텐 조리도구'로 표기되어 판매됨(스텐 머그/드럼컵, 국자, 집게, 거품기, 채반, 티망, 셰프나이프, 계량컵 등). 국내에서 SSGP 제품을 판매하는 업체로 (주)애플박스(경기 파주시 탄현면 검산로361번길 64, 031-8071-0707, 사업자 388-87-00648)와 (주)호민상사(대구 달서구, 사업자 530-87-02140)가 확인되나 공식 수입원/브랜드 소유 회사는 미확인. 해외 도매사이트(sunsky-online)에서도 SSGP 제품이 유통되어 실제 원산지/브랜드 본사는 검색으로 확정되지 않음.",약함(前 파트너 함석민을 통해 중국 생산 진행하던 거래처),패키징 박스 중국 생산 건을 넘기던 발주자. 회사명·역할(브랜드 담당자인지 중개 벤더인지) 확인 후 접근.,함석민 경유 메일(2024.02.21) ; https://www.yes24.com/Product/Goods/97782001 ; https://store.hanssem.com/goods/821760 ; http://chairmart.co.kr/category/%EB%AA%85%ED%92%88%EC%A3%BC%EB%B0%A9-ssgp/1006/ ; https://katewaltz.co.kr/category/ssgp/209/ ; https://www.ssg.com/search.ssg?query=ssgp%EC%8A%A4%ED%85%90
6,상,바잇미((주)바잇미),OEM 온라인브랜드·패키징,https://www.biteme.co.kr,070-4188-1824,,https://www.bizbite.me/ (B2B 사업자전용몰),서울 강남구,"반려동물 장난감·의류·용품(자체 브랜드), B2B 도매·해외판매","불명(자체 공장 언급 없음, 자체 브랜드 기획·판매 중심)",자체 브랜드 반려용품을 기획하고 B2B·글로벌까지 유통하는 업체로 중국 OEM 제조 파트너가 필요한 구조다.,https://www.bizbite.me/
7,상,박스마스터,OEM 온라인브랜드·패키징,https://boxmaster.co.kr,1877-8830,service@boxmaster.co.kr,https://boxmaster.co.kr/whatbm/location,서울,"브랜드 패키지 박스 제작, 맞춤 패키지 컨설팅","약함(국내 패키지 컨설팅·제조 중심, 중국 소싱망 언급 없음)",패키지 컨설팅형 업체로 특수 사양 박스·부자재를 중국에서 조달할 외부 파트너가 필요할 수 있다.,https://boxmaster.co.kr/whatbm/location
8,상,박스컴퍼니,OEM 온라인브랜드·패키징,https://www.boxcompany.co.kr,02-452-8887,boxcompany7@naver.com,https://boxcompany.co.kr/contact,서울,소량(100개~) 커스텀 패키지 박스 제작,"약함(국내 소량 제작 중심, 중국 소싱망 언급 없음)",소량 커스텀 박스 업체로 대량 주문이나 파우치·쇼핑백 등 특수 패키지는 중국 소싱이 필요할 수 있다.,https://boxcompany.co.kr/contact
9,상,생활공작소((주)생활공작소),OEM 온라인브랜드·패키징,https://www.saengong.com,,,"https://m.gmarket.co.kr/n/minishop/livingcrafts/sellerinfo / 개인 메일로 보여 제외, 대표 메일 확인 필요",서울 영등포구,"세제·비누·제습제 등 생활용품, 잡화, 반려동물용품","불명(자체 공장 언급 없음, 기획·브랜딩 중심 생활용품 브랜드)",생활용품·잡화 다품종을 외주 생산으로 전개하는 대표적 온라인 브랜드로 중국 OEM 소싱 파트너 수요가 있다.,https://m.gmarket.co.kr/n/minishop/livingcrafts/sellerinfo
10,상,패커티브,OEM 온라인브랜드·패키징,https://packative.com,,hello@packative.com,https://packative.com/en/custom-quotation,서울 영등포구,맞춤 패키지 박스 온라인 주문제작(AI 실시간 견적·3D 미리보기),"약함(국내 온라인 박스 제작 플랫폼, 중국 소싱망 언급 없음)",온라인 박스 제작 플랫폼으로 쇼핑백·파우치 등 품목 확장 시 중국 생산 파트너가 필요할 수 있다.,https://help.packative.com/
11,상,페스룸((주)비엠스마일),OEM 온라인브랜드·패키징,https://pethroom.com,,,"카카오톡채널 https://pf.kakao.com/_rVWpj / 개인 메일로 보여 제외, 대표 메일 확인 필요",서울 강남구,"반려동물 욕실·위생용품, 의류·액세서리, 반려동물 라이프스타일 용품","불명(자체 공장 언급 없음, 소규모 반려용품 제작에서 시작한 브랜드)",자체 공장 없이 다품종 반려용품을 기획·판매하는 온라인 브랜드로 중국 OEM 생산 파트너 수요가 크다.,https://pethroom.com/
12,상,하밋(HAMIT),OEM 온라인브랜드·패키징,https://hamit.kr,,,https://hamit.kr/,,"반려동물 하우스·가구형 휴식 공간(룩앳미 하우스), 반려동물 생활용품","약함(원단·원목·철제·봉제 등 7개 외부 제조사 협업으로 생산, 자체 공장 없음)",다수 외주 제조사에 의존해 제품을 만드는 디자인 중심 브랜드라 원가 절감을 위한 중국 OEM 파트너 수요가 높다.,https://openads.co.kr/content/contentDetail?contsId=17861
13,상,(주)온오프마켓 (온오프판촉물),관공서·학교·금융·프랜차이즈 판촉 납품업체,https://pr.onoffmarket.com/,1544-5269,onoff@onoffmarket.com,"https://www.onoffmarket.com/ (온오프마켓 본몰), https://store.onoffmarket.com/",고양 일산동구,"단체 기념품·답례품·창립기념품·임직원선물·비즈니스선물, 위생용품·안전용품 (여성기업 공공기관 우선구매대상)",불명(검색결과에 중국 공장/지사 언급 없음),여성기업 인증으로 공공기관 우선구매 대상에 등록된 판촉·안전·위생용품 종합 유통사로 공공 납품 물량 대응을 위한 중국 소싱 파트너 수요가 높을 것으로 판단됨.,https://bizno.net/article/1058805007
14,상,판촉물도매백화점 (판촉물인쇄기프트 / REDLOOZ),관공서·학교·금융·프랜차이즈 판촉 납품업체,https://87dept.com/,,87@redlooz.co.kr,"전화번호 형식 의심(015-8504-6667), 홈페이지에서 확인 필요",서울,"판촉물 대량구매 도매, 기념품·답례품·사은품 인쇄 제작 (차량용 디퓨저, 모자, 담요세트, 스카프, 지압기, 자개USB 등)",불명(검색결과에 중국 공장/지사 언급 없음; 도매상품 중심),도매 대량구매를 전면에 내세우고 차량용품·모자·스카프 등 중국 생산 비중이 높은 범용 품목을 다수 취급해 안정적인 중국 소싱 파트너 수요가 클 것으로 판단됨.,https://87dept.com/
15,상,(주)서울부스애드컴,광고·BTL·행사대행사,https://www.seouladcom.co.kr,02-6959-4488,seoul6004@naver.com,https://seoulpr.co.kr/CONTACT,서울 영등포구,"전시부스(목공·블럭·옥타늄·트러스), 전시기획, 컨퍼런스·이벤트 부스, 포토존, 축제·행사 기획","약함(전시부스 기획·시공 전문, 중국 거점 언급 없음)",전국 전시장 지정 부스 기획업체로 전시·행사 건수가 많아 부스 연출 소품과 행사 판촉물을 반복 조달하므로 중국 생산·검수·운송 일괄 파트너의 가치가 높다.,https://www.seouladcom.co.kr/ ; https://www.114.co.kr/search/detail?comp_id=1778158&comp_tp_cd=INT&upjong_cd=839920
16,상,(주)조인트크리에이티브,광고·BTL·행사대행사,https://www.jcccom.co.kr,02-3443-2631,jcc2713@jcccom.co.kr,https://jcccom.co.kr/sub.php (견적·상담 070-8146-3402),서울 강남구,"이벤트 프로모션(BTL), 팝업스토어, 전시·부스, 시즌 프로모션, 무대행사, 온·오프라인 통합 마케팅",불명(자체 브랜드 제품(이어프리 마스크밴드) 제작 이력은 있으나 중국 지사·공장 언급 없음),2001년 설립된 온·오프라인 통합 에이전시로 팝업스토어·시즌 프로모션 등 BTL 행사를 상시 수행하며 자체 굿즈 기획 경험까지 있어 중국 생산 소싱 파트너와 결합 효과가 크다.,https://www.jcccom.co.kr/ ; https://jcccom.co.kr/sub.php?pageState=product_btl
17,상,(주)크림커뮤니케이션,광고·BTL·행사대행사,http://www.creamcomm.co.kr,02-542-2671,soda@creamcomm.co.kr,https://www.creamsoda.co.kr/cs/01/,서울 강남구,"기업행사, 콘서트, 축제, 전시, 프로모션·이벤트, 사회공헌 행사, 콘텐츠·디자인","약함(순수 BTL 대행사, 중국 지사·공장 언급 없음)","프로모션·이벤트 사업부가 대기업 행사를 연간 수백 건 수행하는 BTL 전문 대행사로, 행사별 굿즈·기념품·판촉물을 외주 제작에 의존하므로 중국 소싱 파트너 수요가 높다.",https://www.creamsoda.co.kr/story/03/v/39 ; https://www.114.co.kr/search/detail?comp_id=973606&comp_tp_cd=INT&upjong_cd=711000
18,상,가현기획,광고·BTL·행사대행사,https://gahyun.kr,031-423-6684,6684@gahyun.kr,https://gahyun.kr/about/overview.asp,경기 안양시 동안구,"전시회·박람회 부스 및 기업홍보관 설계·시공·운영, 컨벤션, 워크숍, 사내행사 기획·제작","약함(국내 전시·행사 제작 대행, 중국 공장·지사 언급 없음)","전시부스 시공과 컨벤션·사내행사를 함께 대행하며 세종·안양 2개 거점을 운영하는 중견 기획사로, 행사 기념품·홍보물 물량이 꾸준해 중국 생산 파트너 활용 여지가 크다.",https://gahyun.kr/about/overview.asp ; https://www.saramin.co.kr/zf_user/company-info/view/csn/VVptZktVaXp3UStyOHAzeFNWUU1OQT09/company_nm/%EA%B0%80%ED%98%84%EA%B8%B0%ED%9A%8D
19,상,바나나팩토리,소규모 판촉물·패키징 중개벤더,https://bananafactory.kr,1522-3852,,https://bananafactory.kr/category/%ED%8C%90%EC%B4%89%EB%AC%BC/344/,서울 동대문구 청량리동,"판촉물(마이보틀·텀블러·장바구니·인주함 등), 광고용품·POP소품·다이어리 소량 100개~ 주문제작",불명 — 자체 공장·중국 소싱 언급 없음,동대문 소재 개인사업자 판촉물 쇼핑몰로 100개 단위 소량 로고 인쇄 판촉물을 취급해 중국 OEM 소싱 협업 적합.,https://bananafactory.kr/product/%ED%8C%90%EC%B4%89%EB%AC%BC-%ED%99%8D%EB%B3%B4-%EC%9D%B8%EC%87%84-%EB%A7%88%EC%9D%B4%EB%B3%B4%ED%8B%80500ml-%EC%A3%BC%EB%AC%B8%EC%A0%9C%EC%9E%91-100%EA%B0%9C/50379/
20,상,박스메이커스(팩토리엠),소규모 판촉물·패키징 중개벤더,https://www.boxmakers.co.kr,02-2263-9275,make@factorym.co.kr,https://www.boxmakers.co.kr/portfolio,서울 중구 퇴계로(충무로 인근),브랜드 패키지 박스·골판지합지박스·손잡이박스 주문제작,불명 — 자체 공장·중국 소싱 언급 없음,충무로 인쇄골목 인근 개인사업자 규모의 패키지 박스 중개 벤더로 브랜드 박스 소량 주문을 외주 생산하는 타깃.,https://boxmakers.co.kr/
21,상,신시어리,소규모 판촉물·패키징 중개벤더,https://sincerely.one,070-7169-1306,ask@sincerely.one,https://sincerely.one/faq,서울 성동구,"브랜드 굿즈(볼캡·의류·문구·리빙), 기업 판촉·선물용 굿즈",불명 — 사이트에 자체 공장·중국 지사 언급 없음,성수 기반 소규모 브랜드 굿즈 스튜디오로 기업 마케팅팀 대상 소량 커스텀 굿즈를 기획·중개하는 전형적 타깃.,https://sincerely.one/about
22,상,에이블밤부,소규모 판촉물·패키징 중개벤더,https://able-bamboo.co.kr,031-976-9487,able-bamboo@able-bamboo.com,https://able-bamboo.co.kr/product/list.html?cate_no=467,경기 파주시,"기업 브랜드 굿즈, 친환경 키트·가방, 로고 장우산 등 기업 판촉물",불명 — 자체 공장·중국 소싱 언급 없음,파주 소재 기업 브랜드 굿즈 제작 전문 소규모 법인으로 대기업 로고 굿즈를 수주해 외주 생산하는 전형적 타깃.,https://able-bamboo.co.kr/
23,상,엠유플랜박스,소규모 판촉물·패키징 중개벤더,https://muplanbox.com,02-6409-6813,muplanbox@naver.com,https://muplanbox.com/shopinfo/company.html,서울 성동구 성수동,"포장박스·칼라박스·싸바리박스·골판지박스 소량 제작, 브랜드 패키지",불명 — 자체 공장·중국 소싱 언급 없음,성수동 소규모 패키지 제작 브랜드로 소량 브랜드 박스 수요를 받아 외주 생산하는 구조라 중국 패키지 소싱 협업 여지가 큼.,https://muplanbox.com/shopinfo/company.html
24,상,연패키지,소규모 판촉물·패키징 중개벤더,https://www.yeonpack.com,02-6956-1918,y_pack30@naver.com,https://www.yeonpack.com/box,서울 중구 을지로,화장품 단상자·디저트박스·선물박스·친환경 패키지 주문제작,불명 — 자체 공장·중국 소싱 언급 없음,을지로 인쇄골목 소재 개인사업자 규모의 패키지 중개 벤더로 브랜드 박스 소량 주문을 외주 생산하는 타깃.,https://www.yeonpack.com/
25,상,(주)더플러스 (요가몰 YOGAMALL),스포츠·헬스·재활용품 유통사/OEM브랜드,https://yogamall.co.kr,031-947-0808,tobe@theplus.biz,https://yogamall.co.kr,경기 파주시,"요가·필라테스 매트, 소도구, 리포머, 재활운동 용품, 프랭클린메소드 교육 (요가원·스튜디오 납품)","약함(요가·필라테스 전문 유통몰, 자체 공장 정보 없음)",요가원·필라테스 스튜디오 대상 전문 유통몰로 매트·소도구·재활용품 PB 개발 시 외부 중국 OEM 파트너가 필요함.,https://yogamall.co.kr
26,상,(주)브라이즈 (에이더 AIDER),스포츠·헬스·재활용품 유통사/OEM브랜드,https://aidershop.com,1566-3175,aider@bryze.kr,https://m.aidershop.com/article/qa/6/,서울 금천구,"무릎·손목·팔꿈치·발목 보호대, 스포츠 테이핑 등 관절 보호대 전문 브랜드 (물리치료사 개발)","불명(브랜드 기획·개발 중심, 자체 공장 여부 미공개)",보호대 전문 온라인 브랜드로 물리치료사 기획 제품을 외주 생산하는 구조로 보여 보호대 OEM 제조 파트너와의 협업 적합성이 매우 높음.,https://aidershop.com
27,상,(주)앳플리 (ATFLEE),스포츠·헬스·재활용품 유통사/OEM브랜드,https://atflee.com,02-3445-7877,sales@atflee.com,https://atflee.com/shopinfo/guide.html,서울 강남구,"요가매트·필라테스매트·스마트 체성분 체중계·홈트레이닝 용품 (자체 브랜드 앳플리, 무신사·삼성 SmartThings 입점)","약함(디자인·앱 중심 온라인 브랜드, 자체 공장 정보 없음)",자체 공장 없이 브랜드·앱 중심으로 요가매트 등 홈트 용품을 운영하는 전형적인 OEM 브랜드로 중국 소싱 파트너 수요가 큼.,https://atflee.com/shopinfo/guide.html
28,상,(주)우성레포츠 (아리프 ALEAF),스포츠·헬스·재활용품 유통사/OEM브랜드,https://aleafsports.com,031-527-2338,aleaf@wsleports.com,https://aleafsports.com/faq,경기 남양주시 오남읍,요가매트·폼롤러·짐볼·허리보호대·웨이트/홈트 운동기구·키즈스포츠 용품 (자체 브랜드 아리프),"불명(온라인 브랜드 운영, 자체 공장 정보 미공개)",요가·필라테스·홈트 소도구를 자체 브랜드로 온라인 판매하며 허리보호대 등 보호대 라인까지 취급해 중국 OEM 소싱 파트너가 필요할 가능성이 높음.,https://aleafsports.com/Privacy
29,상,(주)코리아스포츠 (아이워너 IWANNA),스포츠·헬스·재활용품 유통사/OEM브랜드,https://korspo.com,031-573-3313,k-korspo@naver.com,https://www.korea-sports.co.kr/contact,경기 남양주시 오남읍,"폼롤러(EVA/EPP)·마사지볼·마사지스틱·무릎보호대·운동밴드·헬스소도구 (자체 브랜드 아이워너, 프로-스펙스 라이선스)",불명(자체 브랜드 제조·유통사이나 국내/중국 공장 보유 여부 사이트 확인 불가),폼롤러·마사지볼·보호대 등 수십 종의 자체 브랜드 품목을 운영하는 종합 헬스소도구 유통사로 품목 확장·원가 절감을 위한 중국 OEM 파트너 수요가 큼.,https://korspo.com/shopinfo/company.html
30,상,SJ코리아,스포츠·헬스·재활용품 유통사/OEM브랜드,http://www.sjkorea.co.kr,,,http://www.sjkorea.co.kr,,"정형외과용 소모품(물리치료/통증치료, 캐스트/스프린트, 브레이스·보호대)","불명(정형외과 소모품 유통, 제조 정보 미확인)",정형외과·물리치료실 대상 브레이스·보호대 소모품 전문 유통사로 의료용 보호대 OEM 공급 파트너 수요가 직접적임.,http://www.sjkorea.co.kr/shop/goods/goods_list.php?category=009003006
31,상,메디브랜드(병원마켓) / (주)이을커뮤니케이션아임,제약·의료·치과 판촉물 벤더,https://www.medibrand.co.kr/,1666-6973 / 070-4150-1731,medibrand@naver.com,https://www.medibrand.co.kr/service/cooperation.php,서울 서초구,"병·의원/치과 개원패키지, 판촉물, 명함, 쇼핑백, 캘린더, 의료진 포스터","불명 (자체 중국공장·지사 언급 없음, 병원 디자인·인쇄 위주)",900개 이상 병·의원 런칭 실적의 병원·치과 전문 디자인마켓으로 판촉물·개원패키지를 취급해 중국 생산 굿즈 공급 협업 여지가 큼.,https://www.medibrand.co.kr/service/cooperation.php
32,상,하이어기프트,제약·의료·치과 판촉물 벤더,https://cases.higher-gift.com/,1533-4855,highergift@naver.com,https://cases.higher-gift.com/contact/,,기업·관공서·학교·병원·단체 판촉물·기념품 (제품 선정~인쇄·포장·납품),불명 (자체 공장·중국지사 언급 없음),병원 판촉물 납품사례를 별도 사이트로 운영하는 소규모 중개 벤더로 자체 공장이 없어 중국 생산 파트너 수요가 있을 것으로 판단됨.,https://cases.higher-gift.com/contact/
33,상,매일매일디자인,캐릭터·IP·팬굿즈 기획사,https://www.elmogoon.com/,,elshop@naver.com,https://www.elmogoon.com/ (홈페이지 문의),,"IP 캐릭터 굿즈 기획·제작, 굿즈·패키지 OEM, 브랜딩","불명(디자인 스튜디오, 생산 거점 언급 없음)",IP 캐릭터 굿즈와 패키지 OEM을 기획하는 소규모 디자인 스튜디오로 제조는 전량 외주라 중국 소싱 파트너 필요성이 크다.,https://www.elmogoon.com/ ; https://www.facebook.com/elmogoon0980/
34,상,엑스디컨스트럭트(XDT),캐릭터·IP·팬굿즈 기획사,https://xdeconstruct.com/,,xd@xdeconstruct.com,https://xdeconstruct.com/ (온라인 제작 문의),서울 중구,"아이돌·브랜드 굿즈 OEM/ODM(금속 키링, 주얼리, 헤어 액세서리, 패키지), 소량·대량 제작","불명(기획·샘플·생산·검수·납품 일괄 진행 표기, 자체 공장·중국 거점 언급 없음)",아이돌 MD용 금속 키링·주얼리 등 중국 생산 의존도가 높은 품목을 OEM/ODM으로 기획하는 소규모 업체라 안정적인 중국 소싱 파트너가 유용하다.,https://m.xdeconstruct.com/product/list_thumb.html?cate_no=42 ; https://xdeconstruct.com/
35,상,클로스업(ClawsUp),캐릭터·IP·팬굿즈 기획사,https://clawsup.com/,,,https://clawsup.com/ (홈페이지 제작 문의),경기 부천시 소사구,"캐릭터 토이 디자인, ABS/PVC 사출 피규어 양산, 소프트비닐·폴리레진 아트토이, 실리콘·러버 캐릭터 굿즈","불명(소량~1천개 이상 대량 생산 가능 표기, 금형·양산 거점 미공개)",기업·프로스포츠·웹툰·지자체 캐릭터의 사출 피규어를 디자인해 양산하는 토이 디자인 업체로 금형·사출 양산은 중국 공장 의존도가 높아 소싱 파트너 수요가 크다.,https://clawsup.com/ ; https://www.emis.com/php/company-profile/KR/Clawsup_Inc_en_23408343.html
36,상,허쉬위쉬(HUSHWISH),캐릭터·IP·팬굿즈 기획사,https://www.hushwish.com/,,hello@hushwish.com,"https://www.hushwish.com/contact_form/ (프로젝트 의뢰·제작 문의, 회사 계정 이메일만 접수)",,"캐릭터 개발·라이선싱, 기업 캐릭터 굿즈 기획, 이모티콘·애니메이션 콘텐츠",불명(디자인·라이선싱 스튜디오로 생산 거점 언급 없음),자체 라이선싱 캐릭터와 기업 캐릭터 굿즈를 기획하지만 제조 기능이 없는 디자인 스튜디오라 상품화 단계에서 중국 소싱 파트너가 필요하다.,https://www.hushwish.com/contact_form/ ; https://www.hushwish.com/post_character/hushwish_licensing/
37,상,굿픽 스튜디오(GOODPIC STUDIO),캐릭터·IP·팬굿즈 기획사 · 판촉물·굿즈 제작대행사,https://goodpicstudio.com/,070-8244-9005,contact@goodpic.co.kr,https://goodpicstudio.com/contact/,,굿즈 OEM/ODM 제작 전반(캐릭터·브랜드 굿즈) / 굿즈 OEM/ODM 기획·제작,불명(OEM&ODM 전문 표기만 있고 생산 거점 언급 없음),OEM/ODM 굿즈 기획을 표방하는 소규모 스튜디오로 생산은 외부 공장에 의존하는 구조라 중국 소싱 파트너 제안에 열려 있을 가능성이 높다. / 소규모 OEM/ODM 굿즈 스튜디오로 자체 제조설비 언급이 없어 중국 생산 파트너 의존도가 높을 것으로 보인다.,https://goodpicstudio.com/ ; https://goodpicstudio.com/contact/
38,상,다이버(DiiVER),캐릭터·IP·팬굿즈 기획사 · 판촉물·굿즈 제작대행사,https://diiver.kr/,02-466-0507,ask@diiver.kr,"https://diiver.kr/ (채팅 상담으로 견적 문의), https://diiver.kr/partner (파트너 입점)",서울 서대문구,"브랜드·캐릭터 굿즈 기획, 웰컴키트, 에코굿즈, 플레잉카드, 패키지·브랜딩 / 브랜드 굿즈 제작, 웰컴키트, 굿즈 스토어 운영대행","약함(경기 고양 '다이버 팩토리' 국내 생산 거점 보유, 중국 거점 언급 없음)",국내 팩토리로 소량 제작은 자체 처리하지만 대량 IP 굿즈나 공산품 품목은 중국 소싱이 필요할 수 있어 보조 파트너로 접근 가능하다. / 브랜딩·디자인 중심의 굿즈 에이전시로 제조는 외주 구조라 중국 생산 파트너 확보 수요가 크다.,https://diiver.kr/ ; https://www.diiver.kr/service
39,상,만상사,캐릭터·IP·팬굿즈 기획사 · 판촉물·굿즈 제작대행사,https://mansangsa.com/,1566-9437,biz@mansangsa.com,https://mansangsa.com/ (홈페이지 상담 신청 폼),서울 금천구,"게임·애니·웹툰·엔터 IP 굿즈, 인형/피규어 개발, OEM/ODM 상품, 단체복·키트, 해외 행사 MD / IP 굿즈, 기업 판촉물, 단체복, 웰컴키트, 인형·피규어 OEM/ODM","불명(전담 MD가 기획~검수·납품 일괄 진행, 자체 공장·중국 거점 언급 없음)",넥슨·크래프톤 등 IP 보유사 대상 인형·피규어·굿즈를 기획해 외주 생산하는 B2B 기획사로 자체 공장이 없어 중국 소싱 파트너가 필요할 가능성이 높다. / 국내 인쇄 설비 기반의 중견 굿즈 플랫폼이나 인형·피규어 등 해외 제작 품목은 외부 소싱망을 활용하므로 부분 협업 여지가 있다.,https://mansangsa.com/about ; https://mansangsa.com/dolls-figures
40,상,먼데이팩토리,캐릭터·IP·팬굿즈 기획사 · 판촉물·굿즈 제작대행사,https://mondayfactory.co.kr/,031-546-0340,goodday@mondaypicnic.co.kr,https://mondayfactory.co.kr/ (온라인 견적 문의),경기 성남시 분당구,"응원봉, 아크릴 스탠드·키링, 파우치, 에코백, 코스터, 웰컴키트, 캐릭터 굿즈·판촉물 / 퍼스널브랜딩 굿즈, 웰컴키트, 판촉물, 기념품(에코백, 문구, 생활소품)","불명(캐릭터사업·굿즈제작 원스톱 플랫폼 표기, 생산 거점 언급 없음)",응원봉·아크릴·잡화 등 중국 생산 비중이 큰 품목을 원스톱 기획하는 중소 업체로 자체 공장 언급이 없어 중국 소싱 파트너 제안 적합도가 높다. / 해외 소싱을 직접 한다고 하나 자체 현지 조직이 없어 안정적인 중국 생산·검수 파트너가 필요할 가능성이 높다.,https://m.mondayfactory.co.kr/shopinfo/company.html ; https://mondayfactory.co.kr/category/%EC%9D%91%EC%9B%90%EB%B4%89/586/
41,상,오즈의 제작소(콘콘),캐릭터·IP·팬굿즈 기획사 · 판촉물·굿즈 제작대행사,https://ozjejakso.com/,02-6735-3300,,"https://ozjejakso.com/ (1:1 전담 매니저 상담 신청), 카카오톡 채널 https://pf.kakao.com/_XFfQs",,"IP·캐릭터 굿즈, 피규어 굿즈, 페어 인기 굿즈, 기업 굿즈 전반(추천 알고리즘 기반 B2B 굿즈 제작 플랫폼) / 기업·IP 굿즈 추천/디자인/제작/배송 올인원, 대량 굿즈 제작","불명(제작 플랫폼으로 협력 제작처 연결 방식, 자체 공장·중국 거점 언급 없음)",2021년 설립된 B2B 굿즈 제작 매칭 플랫폼으로 자체 생산 설비 없이 다양한 품목을 외주로 처리하므로 중국 생산 파트너 풀 확보가 사업에 직접 도움이 된다. / 전담 PM이 다양한 굿즈를 기획·제작대행하는 구조라 자체 제조 없이 외부 생산 파트너 확보가 핵심이다.,https://ozjejakso.com/ ; https://www.nextunicorn.kr/company/38d1c9668ce44aa7
42,상,비더굿즈,판촉물·굿즈 제작대행사,https://bethegoods.shop/,,,"https://bethegoods.shop/ (제작 문의), 인스타그램 @bethegoods.shop",,"기업 웰컴키트, 신입사원 키트, 행사 굿즈, 친환경 굿즈 소량 제작",불명(자체 공장·중국 지사 언급 확인 안 됨),소량·빠른 납기 위주의 B2B 웰컴키트 대행사로 자체 제조가 없어 구성품 소싱 파트너가 필요할 수 있으나 연락처는 사이트 직접 확인 필요.,https://bethegoods.shop/welcome-kit
43,상,썸띵((주)썸띵코퍼레이션),판촉물·굿즈 제작대행사,https://www.sumthing.co.kr/,02-3012-1206,partners@sumthing.co.kr,https://www.sumthing.co.kr/ (제작문의),서울 송파구,"브랜드 굿즈·키트 기획/디자인/제조/포장/배송 원스톱, 웰컴키트","약함(폭넓은 소싱 네트워크와 자체 풀필먼트만 언급, 자체 중국 공장·지사 언급 없음)",디자인·기획 중심 굿즈 스타트업으로 제조는 외부 소싱에 의존하므로 난이도 높은 커스텀 아이템의 중국 생산 파트너가 유용하다.,https://www.sumthing.co.kr/About
44,상,아카이브((주)재승그룹),판촉물·굿즈 제작대행사,https://www.thearc.kr/,031-922-0090,archivekit@naver.com,https://www.thearc.kr/ (키트 제작 문의),고양 일산동구,"기업 웰컴키트, 워크숍 키트, 텀블러·다이어리·에코백 등 브랜드 굿즈 패키지",불명(자체 공장·중국 지사 언급 확인 안 됨),웰컴키트 구성품을 조합·제작하는 대행사로 원가 경쟁력 있는 구성품 소싱을 위한 중국 파트너가 유용하다.,https://www.thearc.kr/kitpackage
45,상,에이원기프트(주식회사 에이원기프트),판촉물·굿즈 제작대행사,https://aonegift.co.kr/,1661-1069,aone@aonegift.co.kr,https://aonegift.co.kr/ (온라인 견적문의),양산 물금읍,"기업·관공서 행사 판촉물, 기념품, 사은품 제작",불명(자체 공장·중국 지사 언급 확인 안 됨),영남권 판촉물 제작대행사로 자체 생산망 언급이 없어 저가·대량 아이템의 중국 소싱 파트너가 필요할 수 있다.,https://aonegift.co.kr/
46,상,주아기프트(주식회사 제이컴스),판촉물·굿즈 제작대행사,https://juagift.com/,1544-6233,juagift@juagift.com,https://juagift.com/ (온라인 견적/대량주문 문의),군포시,"판촉물·기념품·답례품·홍보용품 주문제작(인쇄·각인), 이벤트 사은품","불명(본사·출고센터만 공개, 중국 공장·지사 언급 없음)",최저가 보장형 판촉물 제작대행사로 국내 출고센터만 운영해 원가 절감을 위한 중국 소싱 파트너 수요가 있을 수 있다.,https://juagift.com/
47,상,개성상인((주)개성상인),판촉물·굿즈 제작대행사 · 관공서·학교·금융·프랜차이즈 판촉 납품업체,https://www.intermarket.co.kr/,1544-8713,info@intermarket.co.kr,https://intermarket.co.kr/src/order.php (주문/견적문의),성남 분당구,"기업·대학·공공기관 기념품, 판촉물, 웰컴키트, 브랜드 굿즈 세트 / 기념품·판촉물·굿즈·홍보물품 제작 (TECH/전자기기, 필기도구, 건강관리용품, 우산 등)",불명(자체 공장·중국 지사 언급 확인 안 됨),판교 소재 판촉물·웰컴키트 제작대행사로 자체 제조망 언급이 없어 중국 소싱 파트너 활용 여지가 크다. / 판교 소재 판촉물 플랫폼으로 입점업체(공급사) 모집 구조를 갖추고 있어 직접 소싱보다는 공급사를 통해 조달할 가능성이 있으나 전자기기·굿즈 카테고리 확대 시 중국 소싱 파트너가 유용할 수 있음.,https://www.intermarket.co.kr/src/guide_usage.php
48,상,고려기프트,판촉물·굿즈 제작대행사 · 관공서·학교·금융·프랜차이즈 판촉 납품업체,https://adpanchok.co.kr/,1577-2288,,"https://adpanchok.co.kr/ (온라인 견적상담), 협력사 입점 https://adpanchok.co.kr/partner/",서울 도봉구,"판촉물·홍보물품·기념품·답례품 단체주문(로고 인쇄·각인) / 판촉물·기념품 단체주문 (자동차용품 판촉물, 은행/금융권 판촉물, 공공기관 우선구매 대상기업)","불명(협력사 입점 방식으로 상품 공급, 자체 공장·중국 지사 언급 없음)",협력사(공급사) 입점형 판촉물 전문몰이라 직접 소싱보다는 공급사 확보 관점에서 중국 소싱 파트너와 협업할 여지가 있다. / 공공기관 우선구매 대상기업이자 자사 사옥을 보유한 대형 판촉물 전문몰로 자동차용품·금융권 판촉물 등 다양한 카테고리를 대량 취급해 중국 소싱 파트너의 가치가 큼.,https://adpanchok.co.kr/partner/
49,상,세종기프트(구 기프트인포),판촉물·굿즈 제작대행사 · 관공서·학교·금융·프랜차이즈 판촉 납품업체,https://giftinfo.co.kr/,02-500-5900,help@gifti.co.kr,https://giftinfo.co.kr/ (온라인 견적/주문),서울 중구,"판촉물·기념품·답례품·굿즈 전반(생활용품, 문구, 우산, 텀블러 등 로고 인쇄 제작) / 판촉물·기념품·답례품·굿즈 인쇄제작 (텀블러, 에코백, 문구, 건강식품 판촉물 등)","불명(사이트에 중국 공장·지사 언급 확인 안 됨, 최저가 보장형 종합 판촉물 쇼핑몰)",대량 카탈로그형 판촉물 쇼핑몰로 자체 생산시설 언급이 없어 신규 아이템·OEM 기획 시 외부 중국 소싱 파트너가 필요할 가능성이 높다. / 대기업·공공기관 우선구매대상 기업으로 최저가 보장제를 내세우는 대형 판촉물 종합몰이라 원가 경쟁력 확보를 위한 중국 소싱 파트너 수요가 클 것으로 판단됨.,https://giftinfo.co.kr/
50,상,시너지기프트,판촉물·굿즈 제작대행사 · 관공서·학교·금융·프랜차이즈 판촉 납품업체,https://www.synergygift.co.kr/,02-713-8555,master@synergygift.co.kr,https://synergygift.co.kr/src/guide.php (주문가이드/견적문의),고양 덕양구,"기업·대학·연구소·공공기관 행사판촉물, 웰컴키트, 사은품, 굿즈 / 기업·대학·연구소·공공기관 행사판촉물, 홍보물품, 사은품, 웰컴키트, 굿즈 (텀블러, 손거울, 냅킨, 메모잇 등 주문제작형)",불명(자체 공장·중국 지사 언급 확인 안 됨),기관·기업 대상 판촉물 제작대행 위주로 자체 제조 언급이 없어 외부 소싱 파트너 활용 여지가 크다. / 보험사 사은품 검색에서 노출되는 공공기관·기업 행사판촉물 전문업체로 웰컴키트·굿즈 등 주문제작형 품목이 많아 중국 OEM 소싱 파트너 수요가 있을 것으로 판단됨.,https://www.synergygift.co.kr/
51,상,판촉나라,판촉물·굿즈 제작대행사 · 관공서·학교·금융·프랜차이즈 판촉 납품업체,https://87nara.kr/,1533-8700,biz87@naver.com,"카카오톡 ID 87narakr(야간문의), https://87nara.kr/ (온라인 견적)",대구 수성구,"학교·관공서·기업 판촉물, 행사 기념품, 답례품, 단체선물 / 판촉물·기념품·답례품·사은품·홍보물 (공공기관기념품 카테고리 운영, 학원홍보물, 떡메모지, 세면백 등)",불명(자체 공장·중국 지사 언급 확인 안 됨),소규모 판촉물 전문 쇼핑몰로 자체 제조 기반이 없어 신규 상품 소싱을 외부 파트너에 의존할 가능성이 높다. / 학교·관공서·기업 행사 판촉물을 전문으로 하는 대구권 온라인몰로 공공기관기념품 전용 카테고리를 운영하나 자체 해외 생산망 언급이 없어 외부 중국 소싱 파트너가 필요할 가능성이 높음.,https://87nara.kr/
52,상,판촉넷(대한판촉 주식회사),판촉물·굿즈 제작대행사 · 관공서·학교·금융·프랜차이즈 판촉 납품업체,https://panchock.net/,050-7790-0631,16008387@korea87.kr,https://panchock.net/ (온라인 견적문의),대구 수성구,"개업판촉물, 관공서·학교·기업 기념품, 홍보물 도매 / 프랜차이즈·은행(국민은행 등 금융권) 판촉물, 라이터·볼펜 등 판촉물 제작",불명(회사소개에 자체 공장·중국 지사 언급 없음),지역 기반 판촉물 유통·제작대행사로 자체 제조망이 없어 차별화 아이템 확보를 위한 중국 소싱 파트너 수요가 있을 수 있다. / 은행별·프랜차이즈 판촉물 카테고리를 별도 운영하는 판촉물 전문몰로 금융권·가맹점 대량 판촉물 수요에 대응할 중국 소싱 파트너가 필요할 수 있으나 연락처는 사이트 접근 차단으로 미확인.,https://panchock.net/
53,상,판촉이지((주)펀앤허브),판촉물·굿즈 제작대행사 · 관공서·학교·금융·프랜차이즈 판촉 납품업체,https://easy1.co.kr/,02-412-0044,master@eggift.co.kr,https://easy1.co.kr/ (온라인 견적문의),서울 금천구(통신판매업신고 기준),"기업·대학·연구소·공공기관 행사판촉물, 홍보물품, 사은품(전자기기·생활용품 등) / 기업·대학·연구소·공공기관 행사판촉물, 홍보물품, 사은품 (공공기관 판촉물 모음전, 상패/트로피, 다이어리, 행사가방 등)",불명(자체 공장·중국 지사 언급 확인 안 됨),브랜드 상품 유통 중심의 판촉물 제작대행사로 자체 제조가 없어 OEM 아이템 개발 시 외부 소싱 파트너가 필요하다. / 공공기관 판촉물 모음전을 별도 운영하며 대학·연구소·공공기관 행사 판촉물을 전문으로 하는 업체로 자체 해외 생산 언급이 없어 중국 소싱 파트너 수요가 있을 것으로 판단됨.,https://easy1.co.kr/src/privacy.php
54,중,마음상자,OEM 온라인브랜드·패키징,https://www.maumsangja.com,02-463-8212,,https://www.maumsangja.com/,,"선물박스·단상자·싸바리박스, 쇼핑백, 맞춤 스티커 제작(1:1 패키지 컨설팅)","약함(국내 생산시설 보유 표방, 중국 소싱망 언급 없음)",국내 생산시설로 박스를 만들지만 쇼핑백·파우치 등 외주 품목은 중국 소싱 파트너와 협업 여지가 있다.,https://www.maumsangja.com/
55,중,박스네(BOXNE),OEM 온라인브랜드·패키징,https://www.boxne.co.kr,02-2277-0023,syprint02@boxne.co.kr,https://www.boxne.co.kr/,서울 중구,"싸바리박스, 컬러 포장박스, 쇼핑백, 패키지 주문제작(김포 자체공장)","약함(국내 김포 자체공장 보유, 중국 소싱망 언급 없음)",국내 자체공장으로 박스는 직접 생산하지만 쇼핑백·부자재 원가 절감용 중국 소싱 수요가 있을 수 있다.,https://www.boxne.co.kr/
56,중,박스명가(BOXMGA),OEM 온라인브랜드·패키징,https://www.boxmga.com,02-2266-1113,syprint02@daum.net,https://www.boxmga.com/sub06/sub01.php,서울 중구,"FSC인증 패키지, 화장품 단상자, 싸바리박스, 쇼핑백 제작","약함(충무로 기반 국내 인쇄·제작, 중국 소싱망 언급 없음)",40년 국내 제작 노하우가 있으나 쇼핑백·특수 소재 패키지 원가 절감 시 중국 생산 파트너 수요가 있을 수 있다(박스네와 동일 그룹 추정).,https://www.boxmga.com/sub06/sub01.php
57,중,아르르((주)블랭크코퍼레이션/동원디어푸드),OEM 온라인브랜드·패키징,https://arrr.kr,1877-3228,arrr@blankcorp.kr,https://arrr.kr/cs/ / 카카오톡 @아르르,서울 서초구,반려동물 용품·간식·장난감(미디어커머스 기반 자체 브랜드),"불명(자체 공장 없는 미디어커머스형 브랜드, 모회사 소싱망 미확인)",외주 생산 기반 반려용품 브랜드지만 대기업(동원) 계열로 편입돼 기존 소싱망을 활용할 가능성이 있다.,https://arrr.kr/cs/
58,중,늘봄기프트 (늘봄컴퍼니),관공서·학교·금융·프랜차이즈 판촉 납품업체,https://alwaysbomgift.com/,1544-6233,alwaysbom2018@naver.com,,성남 분당구,"기업·공공기관·관공서·대학교·학원·협회 기념품 판촉물 도매 (문구, 에코백, 생활용품 등)",불명(검색결과에 중국 공장/지사 언급 없음),관공서·대학교·학원 대상 판촉물 도매몰을 표방하는 소규모 업체로 자체 생산망이 없어 가격 경쟁력 확보를 위한 중국 소싱 파트너 활용 가능성이 있음.,https://alwaysbomgift.com/
59,중,망고기프트 (원더풀라이프),관공서·학교·금융·프랜차이즈 판촉 납품업체,https://mangogift.co.kr/,,wdplife337@gmail.com,,서울 구로구,"판촉물·답례품·사은품·기념품 (핫팩, 손난로, 고급 수건 등 맞춤 제작)",불명(검색결과에 중국 공장/지사 언급 없음),보험사 사은품용 핫팩·수건 등 맞춤 제작 소규모 판촉몰로 자체 생산망이 없어 저가 대량 품목의 중국 소싱 파트너가 필요할 수 있음(대표전화는 검색결과가 타사와 중복 표기되어 미기재).,https://mangogift.co.kr/
60,중,아로기프트,관공서·학교·금융·프랜차이즈 판촉 납품업체,https://arogift.com/,02-501-0774,arogift@naver.com,,서울 강남구,"판촉물·기념품·사은품·홍보물품·답례품 (학교 졸업/입학 기념품, 담요, 구급함, 쇼핑백, 메모보드 등)",불명(검색결과에 중국 공장/지사 언급 없음),학교 기념품 검색에 노출되는 강남권 소규모 판촉몰로 자체 생산 언급이 없어 담요·구급함 등 범용 품목의 중국 소싱 파트너 활용 여지가 있음.,https://arogift.com/
61,중,예스폼기프트,관공서·학교·금융·프랜차이즈 판촉 납품업체,https://www.yesformgift.com/,,,https://find.yesformgift.com/sp/ (행사별 기념품 검색/주문제작),,"졸업·입학선물 기념품, 단체선물 주문제작 (국내 최저가 표방)",불명(사이트 접근 차단으로 확인 불가),서식 플랫폼 예스폼 계열의 기념품 주문제작몰로 졸업·입학 등 학교 행사 기념품을 최저가로 취급해 중국 소싱 파트너 수요가 있을 수 있으나 연락처는 미확인.,https://find.yesformgift.com/sp/event_%C1%B9%BE%F7%7C%C0%D4%C7%D0%BC%B1%B9%B0/
62,중,위시판촉 (wishcar),관공서·학교·금융·프랜차이즈 판촉 납품업체,https://wishcar.co.kr/,,,https://wishcar.co.kr/shop/list.php?ca_id=081008 (프랜차이즈 판촉물 카테고리),,"공공기관·지자체·협회·기업 행사 판촉물·기념품, 프랜차이즈 본사납품·가맹점 홍보 굿즈",불명(사이트 접근 차단으로 확인 불가),언론(브랜드경제신문)에서 공공기관·지자체 행사 담당자용 판촉물 플랫폼으로 소개되고 프랜차이즈 본사납품 카테고리를 갖춰 중국 소싱 파트너 수요가 있을 수 있으나 연락처는 미확인.,https://www.benews.co.kr/news/475927
63,중,제이기프트,관공서·학교·금융·프랜차이즈 판촉 납품업체,https://jgift.kr/,070-8777-9371,,,수원 권선구,"홍보판촉물 (USB, 보조배터리, 볼펜, 우산, 백팩·파우치, 경광봉·안전용품, 트로피, 비즈니스 선물세트)",불명(검색결과에 중국 공장/지사 언급 없음),USB·보조배터리 등 전자 판촉물과 가방류를 주력으로 하는 수원 소재 소규모 판촉몰로 중국 생산 의존도가 높은 품목 구성이라 소싱 파트너 활용 가능성이 있음(공개 이메일이 개인 계정 형태라 미기재).,https://jgift.kr/shop/view.php?index_no=749880
64,중,판촉물천국,관공서·학교·금융·프랜차이즈 판촉 납품업체,https://giftheaven.co.kr/,,,https://panchokmool.co.kr/panchokmool-category/school-promotional-item/ (학교기념품 제작 카테고리),,"학교 기념품·답례품 (USB, 보조배터리 등), 행사 판촉물",불명(사이트 접근 차단으로 확인 불가),학교 기념품 전용 카테고리를 운영하며 USB·보조배터리 등 중국 생산 의존 품목을 학교 단체선물로 제안하는 업체라 중국 소싱 파트너 활용 여지가 있으나 연락처는 미확인.,https://giftheaven.co.kr/gift/%ED%95%99%EA%B5%90-%EA%B8%B0%EB%85%90%ED%92%88/
65,중,(주)아이전시,광고·BTL·행사대행사,https://iex8808.cafe24.com,,,"https://iex8808.cafe24.com (견적·부스문의 게시판, 네이버톡톡)",,"전시부스, 학회부스, 박람회·이벤트 부스, 포토존, 블럭·패브릭 부스, 가판대·홍보·판촉 집기","약함(부스 제작·설치 전문, 중국 거점 언급 없음)",전시·학회·기업행사용 부스와 판촉 집기를 제작하는 업체로 포토존·가판대·판촉물 부자재를 대량 조달하기 때문에 중국 소싱 파트너 연계 가능성이 있다.,https://iex8808.cafe24.com/ ; https://iex8808.cafe24.com/category/%EA%B0%80%ED%8C%90%EB%8C%80%C2%B7%ED%99%8D%EB%B3%B4%C2%B7%ED%8C%90%EC%B4%89%C2%B7%EB%8B%A4%ED%8A%B8/53/
66,중,(주)콤마엔터테인먼트,광고·BTL·행사대행사,https://www.comma-entertainment.com,02-6319-6947,info@comma-entertainment.com,https://www.comma-entertainment.com/contact,서울 강남구,"이벤트·컨벤션 대행, 콘서트, 프로모션, BTL 마케팅, 옥외광고, 해외 마케팅(인바운드·아웃바운드), SNS·인플루언서",약함(해외 마케팅 대행사이나 중국 공장·지사 언급 없음),국내 기업의 해외 마케팅과 해외 기업의 국내 행사를 대행하는 글로벌 종합광고대행사로 행사·프로모션용 굿즈를 국경 간으로 조달·배송해야 해 중국 소싱·운송 일괄 파트너가 유용하다.,https://www.comma-entertainment.com/contact ; https://www.comma-entertainment.com/experience
67,중,(주)크레픽스,광고·BTL·행사대행사,https://www.creaphics.com,070-7604-5959,jin@creaphics.com,https://www.creaphics.com/24,서울 구로구,"BTL 광고, 행사 대행, 프로모션, 광고물 제작","약함(소규모 BTL 대행사, 자체 해외 거점 언급 없음)",효율성을 내세우는 소형 BTL 광고회사로 자체 제작 인프라가 없어 행사 판촉물·굿즈를 저비용으로 조달해 줄 외부 소싱 파트너가 필요하다.,https://www.creaphics.com/24
68,중,(주)탑스탠다드,광고·BTL·행사대행사,http://www.topstandard.co.kr,,,http://www.topstandard.co.kr (홈페이지 문의),경기 광명시,"행사 진행 대행, 전시부스 제작·설치, 심포지엄·컨퍼런스·세미나, 기업행사, 행사용품 렌탈(탑렌탈)","약함(국내 행사·전시 제작 대행, 중국 거점 언급 없음)",2014년 설립된 행사 진행·전시부스 제작 종합대행사로 행사용품 렌탈 사업까지 운영해 행사물품을 직접 대량 구매하는 구조이므로 중국 소싱 파트너의 원가 절감 제안이 유효하다.,http://www.topstandard.co.kr/ ; https://www.jobkorea.co.kr/recruit/co_read/c/topstandard
69,중,(주)펀잇컴퍼니(펀플랜),광고·BTL·행사대행사,https://www.funplan.co.kr,,,https://www.funplan.co.kr (홈페이지 문의) ; 인스타그램 @funplan.official,,"행사대행, 팝업스토어, 전시, 프로모션, 오프라인 BTL 행사","약함(행사대행·팝업 전문, 중국 거점 언급 없음)",팝업스토어와 전시·프로모션을 전문으로 하는 행사대행사로 팝업 집기·굿즈·사은품을 매 프로젝트마다 외주 제작해야 하므로 중국 소싱 대행 수요가 크다.,https://www.funplan.co.kr/
70,중,성심코퍼레이션,광고·BTL·행사대행사,https://www.sscomkor.com,,,카카오톡 채널 @성심코퍼레이션 ; https://www.sscomkor.com/aboutus,,"전시회 기획·운영, 소규모·호텔 행사, 기업행사, 독립부스, 팝업스토어 대행, 홍보월·포토존·족자봉 제작","약함(전시·행사 대행 전문, 중국 거점 언급 없음)",전시회·팝업스토어·기업행사를 기획부터 설치·운영까지 일괄 대행하면서 홍보월·포토존 등 연출물을 자체 제작하므로 행사 소품·기념품의 중국 소싱 파트너가 필요하다.,https://www.sscomkor.com/aboutus ; https://www.sscomkor.com/shop/?idx=27
71,중,아이스큐브(광고대행사 아이스큐브),광고·BTL·행사대행사,https://www.icecubecom.co.kr,,,https://www.icecubecom.co.kr (홈페이지 문의),,"BTL, 신제품 런칭쇼, 팝업스토어, 팬미팅, 콘서트, 기업교육·기업문화 콘텐츠, 영상제작","약함(마케팅 전문 대행사, 중국 거점 언급 없음)","신제품 런칭쇼·팝업스토어·팬미팅 등 굿즈 소비가 많은 행사를 전문으로 하는 마케팅 대행사로, 자체 제조 기반이 없어 굿즈 생산 소싱 파트너의 효용이 크다.",https://www.icecubecom.co.kr/BUSINESS
72,중,애드넷,광고·BTL·행사대행사,https://ad119.com,02-831-4871,ad8282@hanmail.net,https://ad119.com,서울 금천구,"친환경 전시부스 제작, 행사·컨퍼런스 디스플레이, 포토존, 배너거치대, 진열대, 인쇄·홍보물","약함(전시부스·디스플레이 제작 전문, 중국 거점 언급 없음)",전시부스와 배너거치대·진열대 등 행사 디스플레이 용품을 판매·제작하는 업체로 표준 행사물품을 중국에서 저가 소싱해 마진을 개선할 수요가 있다.,https://ad119.com/ ; https://ad119.com/55/?idx=115
73,중,이상기획,광고·BTL·행사대행사,https://www.mothid.com,,,https://www.mothid.com/promotion (홈페이지 문의),,"기업행사, 공모전, 제품설명회, 쇼케이스, 프로모션·BTL 대행, 컨벤션, 전시회·박람회, 팝업스토어","약함(행사·프로모션 대행 전문, 중국 거점 언급 없음)",제품설명회·쇼케이스·팝업스토어 등 다양한 기업행사를 대행하는 기획사로 행사별 맞춤 굿즈·판촉물을 외주로 조달해야 해 샘플부터 검수·운송까지 맡길 파트너가 필요하다.,https://www.mothid.com/promotion
74,중,플레이스컴(PLACECOM),광고·BTL·행사대행사,https://www.placecom.co.kr,,,https://www.placecom.co.kr/%ED%9A%8C%EC%82%AC%EC%86%8C%EA%B0%9C (홈페이지 문의),,"팝업스토어 기획·제작·운영, 팝업스토어 장소 대관(광화문·청계광장 등), BTL 프로모션","약함(팝업스토어 제작·운영 전문, 중국 거점 언급 없음)",팝업스토어 장소 대관과 제작·운영을 함께 하는 BTL 전문사로 팝업마다 집기·굿즈·사은품을 새로 제작해야 하므로 중국 소싱·생산 대행 파트너 수요가 지속적이다.,https://www.placecom.co.kr/%ED%9A%8C%EC%82%AC%EC%86%8C%EA%B0%9C
75,중,순풍,무역·소싱대행·수입도매,https://soonfung.com,,,https://soonfung.com/,,"중국구매대행, OEM·ODM, 배송대행(배대지), 병행수입, 도매","불명(구매대행·배대지 운영 표방, 자체 공장 여부 미확인)",구매대행·배대지 중심 소규모 업체로 OEM 공장 수배는 외부 제조 파트너와 협업할 가능성이 있다.,https://soonfung.com/
76,중,차이나바이((주)융일),무역·소싱대행·수입도매,https://www.chinabuy.co.kr,070-8682-6565,,https://chinabuy.off.co.kr/board/list?bname=notice,서울 강남구,"중국구매대행(알리바바·1688·타오바오), 배송대행","불명(B2C 구매·배송대행 중심, 자체 공장·지사 여부 미확인)",개인 구매대행 위주라 OEM·대량 공장 소싱 의뢰가 들어올 때 외부 파트너와 협업할 여지가 있다.,https://www.chinabuy.co.kr/
77,중,기프트앤돌,소규모 판촉물·패키징 중개벤더,https://giftanddoll.co.kr,031-848-2073,,https://giftanddoll.co.kr/board/%EA%B0%A4%EB%9F%AC%EB%A6%AC/8/,경기 양주시,캐릭터 인형·아이돌 인형·봉제 굿즈 주문제작,불명 — 중국 공장 관련 언급 확인 안 됨,기업·엔터사 대상 캐릭터 인형 굿즈 주문제작 소규모 법인으로 봉제 OEM 중국 소싱 협업 가능.,https://giftanddoll.co.kr/
78,중,다이렉트기프트(디앤지컴퍼니),소규모 판촉물·패키징 중개벤더,https://www.directgift.co.kr,02-382-4046,directgift@naver.com,https://www.directgift.co.kr/.new/info.asp,,"판촉물·잡화 전반, 로고 인쇄 기념품","약함 — '제조공장에서 직접 공급받아' 판매한다고만 표기, 자체 공장·중국 지사 언급 없음",판촉물·잡화를 제조공장에서 받아 기업에 공급하는 소규모 중개 벤더로 중국 공급처 다변화 수요 가능.,https://www.directgift.co.kr/.new/info.asp
79,중,대한기념품,소규모 판촉물·패키징 중개벤더,https://daehangift.co.kr,1600-9034,16009034@daehangift.co.kr,https://daehangift.co.kr/,대구 남구,텀블러·노트북파우치·여행용세트·쉐이커보틀 등 기업 판촉물·기념품 로고 인쇄,불명 — 자체 공장·중국 소싱 언급 없음,대구 소재 개인사업자 판촉물·기념품 쇼핑몰로 서울권 밖이지만 파우치·텀블러 등 중국 OEM 품목 비중이 큼.,https://daehangift.co.kr/
80,중,레드기프트,소규모 판촉물·패키징 중개벤더,https://redgift.kr,02-521-6667,87@redlooz.co.kr,https://redgift.kr/,서울 광진구,텀블러·사무문구·주방용품·선물세트 등 판촉물 도매·로고 인쇄 제작,불명 — 자체 공장·중국 소싱 언급 없음,광진구 소재 개인사업자 판촉물 도매·인쇄 벤더로 기업 행사·답례품 소량 주문을 취급함.,https://bizno.net/article/2966400466
81,중,마이선물,소규모 판촉물·패키징 중개벤더,https://mysunmul.com,031-981-0588,,https://mysunmul.com/category/100%EA%B0%9C-%EB%AF%B8%EB%A7%8C-%EC%86%8C%EB%9F%89%EC%A0%9C%EC%9E%91/120/,경기 고양시 일산서구,텀블러·마이보틀·보조배터리·미니가습기 등 판촉물 소량(100개 미만) 주문제작,"약함 — 텀블러 '100% 국내생산' 강조, 중국 소싱 언급 없음",고양 소재 소규모 판촉물 벤더로 국내생산 텀블러 위주지만 디지털 가전 등 보완 품목의 중국 소싱 협업 여지 있음.,https://mysunmul.com/
82,중,에이블러(에이블코리아),소규모 판촉물·패키징 중개벤더,https://ablerkorea.com,031-983-8419,ak0615@ablerkorea.com,https://ablerkorea.com/shopinfo/guide.html,경기 김포시,"텀블러·보틀 로고 레이저/실크 인쇄 주문제작, 소량~대량 판촉물",불명 — 자체 공장·중국 소싱 언급 없음,김포 소재 텀블러·보틀 전문 소규모 판촉물 벤더로 기업 로고 인쇄 대량·소량 주문을 취급함.,https://ablerkorea.com/
83,중,커스텀랜드(허스크),소규모 판촉물·패키징 중개벤더,https://www.customland.kr,031-477-9100,,https://pf.kakao.com/_RxkxfjG,경기 군포시,"커스텀 굿즈(의류·잡화·문구) 소량 제작, 기업 로고 굿즈","약함 — 국내 약 550평 직영 공장 보유, 중국 공장·지사 언급 없음",국내 직영 공장으로 소량 커스텀 굿즈를 만드는 업체라 국내 미생산 품목(텀블러·패키지 등)의 중국 소싱 보완 수요 가능.,https://www.customland.kr/
84,중,(주)대연이엔티 (B2B 스포츠 도매몰),스포츠·헬스·재활용품 유통사/OEM브랜드,https://www.dy-sports.com,,,https://www.dy-sports.com,,스포츠용품 B2B 도매 (온라인 셀러 대상),"불명(B2B 도매몰, 제조 정보 미확인)",온라인 셀러 대상 스포츠용품 B2B 도매몰로 보호대·헬스소도구 공급 벤더 확보 수요가 있음.,https://www.dy-sports.com/
85,중,(주)대호스포츠,스포츠·헬스·재활용품 유통사/OEM브랜드,https://daehosports.com,042-525-6939,daehosports@naver.com,https://daehosports.com,대전광역시,"헬스기구·케틀벨·헬스 소도구, 헬스장 납품 전문","불명(헬스기구 납품 전문사, 제조 정보 미확인)",대전 기반 헬스장 납품 전문사로 헬스장 부자재(보호대·밴드·매트) 소싱 파트너가 필요할 수 있음.,https://daehosports.com/
86,중,(주)스포틀러 (SPORTLER),스포츠·헬스·재활용품 유통사/OEM브랜드,https://sportler.co.kr,1670-7933,iwhasmp@gmail.com,https://www.sportler.co.kr/service/index.php,서울 서초구,"홈트 운동기구·요가매트·헬스소도구 (자체 브랜드 직영몰, G마켓·옥션 입점)","불명(온라인 직영 브랜드, 제조처 미공개)",홈트 운동기구를 자체 브랜드로 온라인 유통하는 업체로 보호대·소도구 등 신규 품목 소싱 파트너로 접근 가능함.,https://sportler.co.kr/member/privacy.html
87,중,(주)엠서클 (시셀코리아 SISSEL),스포츠·헬스·재활용품 유통사/OEM브랜드,https://sisselkorea.com,1899-3646,,https://store.kakao.com/sisselkorea (카카오톡 상담),서울 강남구,"폼롤러·마사지볼·짐볼·운동밴드·운동방석·정형베개 (스웨덴 시셀 공식 수입, 코스트코 입점)","약함(해외 브랜드 수입 총판, 자체 공장 없음)",시셀 수입 총판이라 핵심 품목은 본사 공급이나 보완 품목(보호대 등) PB 개발 시 중국 OEM 파트너가 필요할 수 있음.,https://sisselkorea.com/about.html
88,중,고핏코리아 (GOFITKOREA),스포츠·헬스·재활용품 유통사/OEM브랜드,https://gofitkorea.com,1833-3745,,https://gofitkorea.com,,"헬스기구·덤벨·헬스소도구, 헬스장 창업·기업·관공서·아파트 납품 및 피트니스 인테리어","불명(헬스기구 유통·납품 전문, 제조 정보 미확인)",헬스장 창업·관공서 납품 전문 유통사로 소도구·보호대 등 부자재 일괄 소싱 파트너가 필요할 수 있음.,https://gofitkorea.com/
89,중,다산메디칼 (닥터엠알오),스포츠·헬스·재활용품 유통사/OEM브랜드,https://drmro.com,070-7095-9512,dasanmd@hanmail.net,https://drmro.com,경기도 용인시 기흥구,병의원용 의료소모품·진료재료·장비 5천여 종 도소매 유통,"약함(의료소모품 유통 전문, 자체 공장 없음)",병의원 대상 의료소모품 종합 유통사로 보호대·재활 소모품 PB 소싱 시 중국 OEM 파트너가 필요함.,https://drmro.com/
90,중,더미통상 (서울종로의료기),스포츠·헬스·재활용품 유통사/OEM브랜드,https://jongromedi.com,02-2275-1478,habin0929@naver.com,https://jongromedi.com,서울 중구,"무릎·손목·허리 보호대, 병원용품, 재활운동 용품, 의료용 산소, 안마기 (관공서·병원 납품 실적)","약함(의료기기 유통 전문, 자체 공장 없음)",종로 40년 의료기 유통사로 보호대 카테고리를 다수 취급해 가격 경쟁력 있는 OEM 보호대 공급처를 필요로 할 가능성이 있음.,https://jongromedi.com
91,중,동화스포츠,스포츠·헬스·재활용품 유통사/OEM브랜드,https://www.donghwasports.net,,,https://www.donghwasports.net / 010 번호만 공개,부산광역시 강서구,라텍스밴드·운동밴드·요가매트·짐볼·폼롤러 등 헬스기구·운동용품,"불명(헬스용품 유통사, 제조 정보 미확인)",밴드·매트·짐볼·폼롤러 등 중국 OEM 의존도가 높은 헬스 소도구를 폭넓게 취급하는 유통사임.,https://www.donghwasports.net/
92,중,메디세일 (MEDISALE),스포츠·헬스·재활용품 유통사/OEM브랜드,https://medisale.co.kr,,medisale@inot-meditech.com,https://medisale.co.kr,,의료기기·의료소모품 기업 전용 B2B 도매몰,"약함(B2B 의료소모품 도매, 자체 공장 없음)",병원·약국 대상 의료소모품 B2B 도매몰로 보호대 등 소모품 라인업 확충 시 OEM 공급처가 필요함.,https://medisale.co.kr/
93,중,빅사이트 (필라모아 PILAMOA),스포츠·헬스·재활용품 유통사/OEM브랜드,https://pilamoa.com,,jaseatoz@naver.com,https://pilamoa.com,서울 강남구,필라테스 기구(리포머·캐포머)·소도구·미니폼롤러·센터운영 용품 (필라테스 센터 납품 전문몰),"약함(필라테스 전문 유통몰, 자체 공장 없음)",필라테스 센터 대상 토탈 납품몰로 소도구·보호대 PB 확장 시 중국 OEM 소싱 파트너가 필요함 (사이트 게시 연락처가 휴대전화라 대표전화는 미기재).,https://pilamoa.com
94,중,스포플 (SPOFL),스포츠·헬스·재활용품 유통사/OEM브랜드,https://spofl.co.kr,,,https://pf.kakao.com/_GVrxlK (카카오톡 채널),,폼롤러·마사지기·운동밴드·헬스케어 및 스포츠 브랜드 편집 플랫폼,"불명(브랜드 유통 플랫폼, 제조 정보 미확인)",다수 스포츠·헬스케어 브랜드를 유통하는 온라인 플랫폼으로 PB 소도구·보호대 개발 시 외부 OEM 파트너 수요 가능성이 있음.,https://spofl.co.kr/board/faq/3/
95,중,에스앤에스 (파워플러스몰),스포츠·헬스·재활용품 유통사/OEM브랜드,http://sns3524.godomall.com,,,http://sns3524.godomall.com/main/index.php?pcView=y,,의료용 관절보호대 제조·유통 (자체 브랜드 파워플러스·스포라이트·웰팜스),불명(제조·유통 전문사로 소개되나 공장 소재지 미확인),복수의 보호대 브랜드를 운영하는 관절보호대 전문 제조·유통사로 품목 보완용 중국 OEM 협업 여지가 있으나 자체 제조 가능성이 있어 경쟁 관계일 수 있음.,http://sns3524.godomall.com/main/index.php?pcView=y
96,중,트라택 (TRATAC),스포츠·헬스·재활용품 유통사/OEM브랜드,https://tratac.co.kr,,,https://tratac.co.kr,,세라밴드 등 재활·헬스케어 운동용품 (헬스케어 플랫폼),"불명(헬스케어 유통 플랫폼, 제조 정보 미확인)",재활·헬스케어 용품 플랫폼으로 물리치료실·재활센터 납품용 보호대·밴드 OEM 공급처가 필요할 수 있음.,https://tratac.co.kr/shop/prd_list.php?catcode=161100
97,중,하라스포츠,스포츠·헬스·재활용품 유통사/OEM브랜드,https://harasports.net,063-462-6300,hhhh4076@naver.com,https://harasports.net,전북특별자치도 군산시,원판·아령·바벨봉·케틀벨·메디슨볼·폼롤러·요가매트 등 헬스 소도구 85종,"불명(헬스 소도구 유통, 제조 정보 미확인)",헬스 소도구 전 품목을 취급하는 유통사로 보호대·소도구 신규 소싱 파트너로 접근 가능함.,https://harasports.net/
98,중,(주)비즈마켓,제약·의료·치과 판촉물 벤더,https://www.bizmarket.com/,1670-1628,,https://www.bizmarket.com/promotion,서울 용산구,"제약·전자·금융사 사은품·판촉물 제작, 제약사 전용(PL/PB) 상품 개발, 캐릭터·로고 활용 굿즈, 기업 판촉몰 구축",불명 (글로벌 B2B 서비스 언급은 있으나 자체 중국공장·지사 명시 없음),"제약사 대상 전용 판촉물·PL/PB 굿즈 개발을 사업영역으로 명시한 업체로, 규모는 크지만 제약 판촉 물량이 안정적임.",https://www.bizmarket.com/promotion
99,중,가로기프트,제약·의료·치과 판촉물 벤더,https://garogift.com/,,,https://garogift.com/,,"병원 판촉물, 약국 판촉물, 텀블러, 기념품, 업종별(보험·학교·학원·교회) 판촉물",불명 (자체 공장·중국지사 언급 없음),병원·약국 판촉물 전용 페이지를 운영하는 소규모 판촉물 중개 벤더로 의료 고객 대상 굿즈 소싱 파트너 수요가 예상됨.,https://garogift.com/%EB%B3%91%EC%9B%90-%ED%8C%90%EC%B4%89%EB%AC%BC/
100,중,나래기프트,제약·의료·치과 판촉물 벤더,https://naregift.kr/,,,https://naregift.kr/,,"병원·관공서·기업·학원 홍보용품 주문제작 (텀블러, 볼펜·형광펜, 키링, 파우치, 선물세트)",불명 (자체 공장·중국지사 언급 없음),병원을 주요 납품처로 명시한 소규모 판촉물 주문제작 쇼핑몰로 자체 생산시설 없이 유통 중심이라 중국 생산 파트너 제안 여지가 있음.,https://naregift.kr/m/sub/prdview.php?prdcode=249476
101,중,라임기프트판촉물,제약·의료·치과 판촉물 벤더,https://limegiftmall.com/,,,https://limegiftmall.com/,,"병원/약국 판촉물 카테고리, 기념품, 사은품",불명 (자체 공장·중국지사 언급 없음),병원/약국 판촉물 카테고리를 별도로 운영하는 소규모 판촉물 쇼핑몰로 의료 고객향 굿즈 소싱 협업 여지가 있음.,https://limegiftmall.com/list/list.html?ccode=12292
102,중,바나나조이,제약·의료·치과 판촉물 벤더,http://bananajoy.kr/,,,http://bananajoy.kr/,,"병원/약국 사은품 카테고리, 주문제작 다이어리, 타올·우산세트, 기념품 도매",불명 (자체 공장·중국지사 언급 없음),병원/약국 전용 사은품 카테고리를 운영하는 소규모 판촉물 도매몰로 의료 고객 납품용 굿즈 소싱 파트너 제안이 가능함.,http://www.bananajoy.kr/list/list.html?ccode=12292
103,중,알짜기프트,제약·의료·치과 판촉물 벤더,http://aljjagift.com/,1661-8712,,http://aljjagift.com/,서울 금천구,"홍보판촉물, 기념품, 답례품, 단체선물 도매",약함 (조아기프트 네트워크 소속 판매점으로 자체 공장·중국지사 언급 없음),제약사 판촉물 검색에 노출되는 소규모 판촉물 도매 벤더로 자체 생산시설 없이 유통 중심이라 소싱 파트너 제안이 가능함.,http://aljjagift.com/
104,중,조일기프트 / (주)올가코리아,제약·의료·치과 판촉물 벤더,https://joilgift.kr/,,gift@olgakorea.com,https://joilgift.kr/,용인 기흥구,"온습도계, 주문제작 에코백·뱃지·북마크, 핸드타올, 생활용품 판촉물",불명 (자체 공장·중국지사 언급 없음),온습도계 등 제약 판촉 단골 품목을 취급하는 소규모 판촉물 벤더로 주문제작형 굿즈 소싱 수요가 있음.,https://joilgift.kr/m/sub/prdview.php?prdcode=212000
105,중,판촉물365 (HS/판촉물365),제약·의료·치과 판촉물 벤더,https://dapaleo.com/,,heesu18900@gmail.com,https://www.dapaleo.com/new/customer/sample.htm,,"기업·병원·은행·관공서 맞춤 우산, 타올, 볼펜, 텀블러, 머그, 보조배터리, USB, 캘린더","불명 (자체 공장·중국지사 언급 없음, 여성기업·창업기업 인증 소규모 업체)",병원을 주요 고객군으로 명시한 여성기업 인증 소규모 판촉물 벤더로 원가 경쟁력 있는 중국 생산 파트너 수요가 예상됨.,https://dapaleo.business.site/
106,중,판촉물파트너(인쇄기프트 스토어),제약·의료·치과 판촉물 벤더,https://printgift.co.kr/,070-4238-6667,,https://printgift.co.kr/shopinfo/company.html,서울 광진구,"판촉물·기념품·답례품 도매 인쇄 제작 (클립형 볼펜, 웹캠커버, 보조배터리 등)",불명 (자체 공장·중국지사 언급 없음),약국 판촉물 검색에 노출되는 소규모 인쇄·판촉물 도매 스토어로 자체 공장 없이 인쇄 가공 중심이라 중국 소싱 협업 여지가 있음.,https://printgift.co.kr/shopinfo/company.html
107,중,O-SEAN(런투더퓨처랩스),캐릭터·IP·팬굿즈 기획사,https://o-sean.io/,,,https://o-sean.io/ (견적 문의·1:1 상담 폼),,"게임·엔터 IP 피규어 키링, 아크릴 키링·뱃지, 에코백·파우치, 텀블러, 문구, 디지털 굿즈(MOQ 50~100개)","약함(자체 생산 라인 보유 표기, 중국 거점 언급 없음)",게임·엔터 IP용 피규어 키링을 MOQ 100개·4주로 제작하는 스타트업으로 소량 다품종 생산을 위한 중국 소싱 파트너가 보완적으로 필요할 수 있다.,https://o-sean.io/about ; https://o-sean.io/category/item/LS-023
108,중,굿즈나라(헤세드하우스),캐릭터·IP·팬굿즈 기획사,https://goodsnara.com/,031-994-7740,hesedhouse2@naver.com,"https://goodsnara.com/form (굿즈 디자인 폼), 카카오톡 채널(24시간 문의)",경기 고양시 일산서구,"KPOP 아이돌 팬굿즈(슬로건, 이미지피켓, 반사 포토슬로건), 캔텀블러, 보조배터리, 기념품",불명(홈페이지에 생산 거점·중국 공장 언급 없음),아이돌 팬덤 대상 응원 굿즈·잡화를 기획 제작하는 소규모 업체로 텀블러·배터리 등 공산품은 외부 소싱이 필요해 중국 파트너 수요가 있을 수 있다.,https://goodsnara.com/ ; https://goodsnara.com/form
109,중,스마일웍스,캐릭터·IP·팬굿즈 기획사,http://www.smileworks.co.kr/,02-2675-8755,moon@smileworks.co.kr,http://www.smileworks.co.kr/default/online/sub1.php (온라인 문의),서울 영등포구,"봉제인형, 사출 피규어, 웹소설·연예인·캐릭터 굿즈, 스트레스볼 등 기타 굿즈","불명(국내·국외 패턴 개발실 운영 표기, 해외 거점 국가·공장 미공개)",봉제인형에서 사출 피규어·잡화까지 품목이 넓어 자체 개발실 외 양산 공장 다변화 시 중국 소싱 파트너가 도움이 될 수 있다.,http://www.smileworks.co.kr/default/work/sub1.php ; http://www.smileworks.co.kr/default/work/sub2.php
110,중,시나브로(토이웍스 인형사업부),캐릭터·IP·팬굿즈 기획사,https://www.toyworks.kr/,032-554-9954,toyworks@daum.net,https://www.toyworks.kr/service/company.php (회사소개·문의),인천 계양구,"캐릭터 인형 OEM(생산·검수·유통·납품), 판촉물·기념품 유통","불명(회사소개에 '중국OEM' 명시, 자체 공장·지사 여부 미공개)",중국 OEM을 활용해 인형·판촉물을 공급하는 유통형 업체라 신뢰할 수 있는 현지 소싱 파트너 추가에 관심을 가질 수 있다.,https://www.toyworks.kr/service/company.php ; https://www.cinavro.kr/service/company.php
111,중,아이텐션,캐릭터·IP·팬굿즈 기획사,https://itension.co.kr/,070-8015-2628,itension@naver.com,https://itension.co.kr/ (온라인 주문·문의),경기 김포시,"아크릴 키링·스탠드·코롯토, 캐릭터 피규어, 등신대, 디오라마, 패브릭 굿즈","약함(국내 인쇄·아크릴 자체 제작 위주, 중국 거점 언급 없음)",아크릴 굿즈는 국내 자체 가공하지만 피규어·패브릭 등 품목 확장 시 중국 소싱이 필요할 수 있어 보조 파트너로 접근 가능하다.,https://itension.co.kr/ ; https://www.daangn.com/kr/local-profile/6204/
112,중,이너부스(INABOOTH),캐릭터·IP·팬굿즈 기획사,https://inabooth.io/,,,https://inabooth.io/ko (플랫폼 내 채팅·협업 제안),서울 마포구,"캐릭터 IP 라이선싱·콜라보 중개, MD(굿즈) 제작 지원, IP 트렌드 정보",불명(IP 거래 플랫폼으로 자체 생산 거점 언급 없음),캐릭터 IP 라이선싱부터 MD 제작까지 원스톱 지원을 표방하는 플랫폼이라 굿즈 제작 단계에서 연결할 중국 소싱 파트너가 필요할 수 있다.,https://inabooth.io/en ; https://news.mt.co.kr/mtview.php?no=2022050311250916932
113,중,케빈스룸,캐릭터·IP·팬굿즈 기획사,https://www.kevinsroom.co.kr/,070-4333-2019,Kevin@kevinsroom.co.kr,"https://www.kevinsroom.co.kr/contactmain (견적문의), 카카오톡 채널 https://pf.kakao.com/_aJxcxgxb",경기 광명시,"캐릭터 봉제인형, 인형 키링, 파우치 키링, 핸드워머, 스트레스볼, 풉백 파우치","불명(국내 제작이 어려운 봉제 인형을 합리적 단가로 제작한다고 표기, 해외 공장 소재 미공개)",봉제 캐릭터 굿즈를 해외 생산 기반으로 공급하는 소규모 업체로 생산처 다변화나 신규 품목 소싱 시 중국 파트너가 유용할 수 있다.,https://www.kevinsroom.co.kr/contactmain ; https://www.kevinsroom.co.kr/plushdoll
114,중,위오아이엔씨(WEO),캐릭터·IP·팬굿즈 기획사 · 판촉물·굿즈 제작대행사,https://weo.co.kr/,02-2088-2427,weomail@weo.co.kr,https://weo.co.kr/ (제작 문의 게시판),서울 영등포구,"봉제인형(아이돌 인형, 라이선스 캐릭터 인형), 캐릭터 굿즈, 프로모션 상품 / 봉제인형, 캐릭터·아이돌 IP 굿즈, 프로모션 상품","불명(인형 샘플실 및 직영공장 보유 표기, 공장 소재지 미공개)",인형 직영공장을 보유해 봉제는 자체 처리하나 아이돌·IP 굿즈로 품목이 넓어 비봉제 품목의 중국 소싱 파트너가 필요할 수 있다. / 봉제 자체 공장을 보유해 인형류는 자급하지만 그 외 굿즈 카테고리는 외부 소싱이 필요할 수 있다.,https://weo.co.kr/ ; https://bizno.net/article/7378700350
115,중,굿즈24((주)위펀),판촉물·굿즈 제작대행사,https://wefuncorp.com/goods,1644-4624,sales@snack24h.com,https://wefuncorp.com/goods (굿즈24 상담 신청),서울 강남구,"기업 웰컴키트, 오피스 키트, 아이돌·웹툰 IP 굿즈, 브랜드 굿즈",불명(자체 공장·중국 지사 언급 확인 안 됨),기업복지 플랫폼(스낵24)의 굿즈 사업부로 자체 제조가 없어 외부 소싱 파트너가 필요하지만 기존 거래 벤더가 있을 가능성이 있다.,https://wefuncorp.com/goods
116,중,빅스템(BIGSTEM),판촉물·굿즈 제작대행사,https://bigstem.co.kr/,,smooji@daum.net,"카카오톡 채널 https://pf.kakao.com/_xihxixnb, https://bigstem.co.kr/ (제작문의)",서울 강북구,"레디백, 폴딩카트, 봉제인형 키링, 리유저블백 등 기업·전시·행사 프로모션 굿즈","약함(중국 주요 제조업체에 직원 파견해 협력관계 구축 언급, 자체 공장·지사는 아님)",이미 중국 협력 제조사 네트워크를 운영하지만 자체 법인은 없어 신규 카테고리 소싱이나 검수 대행 파트너로는 협업 여지가 있다.,https://bigstem.co.kr/about-us/
117,중,올댓프린팅,판촉물·굿즈 제작대행사,https://allthatprinting.co.kr/,031-418-1109,allthatprinting.m@gmail.com,https://allthatprinting.co.kr/board/문의하기/6/ (문의 게시판),안산 단원구,"아크릴 키링·스탠드·코롯토·스마트톡, NFC 굿즈, 기업 홍보 굿즈","약함(국내 아크릴 자체 생산 위주, 중국 공장·지사 언급 없음)",아크릴 굿즈는 국내 자체 생산하지만 기업 홍보 굿즈 카테고리 확장 시 아크릴 외 품목의 중국 소싱 파트너가 필요할 수 있다.,https://allthatprinting.co.kr/about.html
118,하,기프트위키,관공서·학교·금융·프랜차이즈 판촉 납품업체,https://giftwiki.kr/,1522-8992,,,,기념품·홍보용품 맞춤 제작 판촉물,불명(사이트 접근 차단으로 확인 불가),기념품·홍보용품 맞춤 제작 판촉몰로 검색에 노출되나 취급 규모와 연락처를 확인하지 못해 우선순위는 낮음.,https://giftwiki.kr/
119,하,딜리버리팩토리((주)커넥트어센드),무역·소싱대행·수입도매,https://deliveryfactory.co.kr,070-8834-1001,mousy008@cscommerce.co.kr,https://deliveryfactory.co.kr/service,서울 서초구,"중국수입대행, OEM제조, 식약처검사대행, 물류관리",강함(자체공장/지사)(중국공장 직수입·OEM 제조 서비스를 자체 운영),중국공장 직수입·OEM 대행을 자체 서비스로 운영하는 직접 경쟁사로 외부 소싱 파트너 수요가 낮다.,https://deliveryfactory.co.kr/
120,하,세인(SEIN),무역·소싱대행·수입도매,,,,,,"중국 완제품 소싱·구매대행, OEM 제작·생산관리, 검품·국제물류","강함(자체공장/지사)(중국 현지법인·한국지사 운영, 대표 중국 거주 26년)",중국 현지법인을 직접 운영하며 소싱·OEM·검품을 일괄 수행하는 직접 경쟁사다.,https://www.japantalk.net/free/?mod=document&uid=5110
121,하,소싱차이나,무역·소싱대행·수입도매,https://sourcingchina.co.kr,,,https://sourcingchina.co.kr/,,"중국수입대행, 굿즈제작(OEM), 의류사입, 안전인증 대행",불명(중국 수입대행 전문이나 자체 지사 여부 미확인),중국 수입대행·굿즈 OEM을 직접 수행하는 동종 경쟁사다.,https://sourcingchina.co.kr/go_01/
122,하,이우허브,무역·소싱대행·수입도매,https://www.yiwuhub.net,,,https://www.yiwuhub.net/34,,"중국(이우) 수입대행, OEM","불명(이우 기반 수입대행 표방, 자체 지사 여부 미확인)",이우 도매시장 기반 수입대행·OEM을 직접 제공하는 동종 경쟁사다.,https://www.yiwuhub.net/34
123,하,홀세일차이나,무역·소싱대행·수입도매,https://wholesalechina.co.kr,070-8248-6654,,https://wholesalechina.co.kr/board/list/code/faq,,"중국 구매대행, 시장조사, 수입대행, 배송대행(중국 현지 물류센터)",강함(자체공장/지사)(중국 현지 물류센터 운영 명시),중국 현지 물류센터와 수입대행을 직접 운영하는 경쟁사로 외부 소싱망이 필요하지 않다.,https://wholesalechina.co.kr/agency/delivery
124,하,드림토이,소규모 판촉물·패키징 중개벤더,http://www.dreamtoy.co.kr,02-896-2020,,http://www.dreamtoy.co.kr/sub03/sub01.php,서울 금천구,"캐릭터 인형 주문제작, 기업·방송사·이벤트사 OEM 인형 굿즈",강함(자체공장/지사) — 한국·중국 자체 공장 운영 명시,가산 인근 인형 OEM 업체이나 이미 중국 자체 공장을 보유해 소싱 대행 수요는 낮음.,https://dreamtoy.co.kr/
125,하,(주)우정피앤피,제약·의료·치과 판촉물 벤더,https://www.wjung.com/,02-2285-1589,kind3000@hanmail.net,https://www.wjung.com/contact/guide.html,서울 중구,"홍보물, 굿즈, 카탈로그·브로셔, 박스 패키지, 엽서, 소량 인쇄물","약함 (서울 충무로 자체 인쇄소 보유, 중국 공장·지사 언급 없음)",임플란트·치과 홍보물 검색에 노출되는 인쇄 기반 홍보물·굿즈 제작사로 인쇄 외 굿즈 품목은 외주 소싱이 필요할 것으로 보임.,https://www.wjung.com/contact/guide.html
126,하,세명사,제약·의료·치과 판촉물 벤더,https://www.sm1982.com/,,,https://www.sm1982.com/,,"클립펜 주문제작, 다색볼펜·형광펜·메탈펜, 문구세트, 수첩, 기획상품",강함(자체공장/지사) 추정 (사이트에 중국 공장 생산 상품 및 국내제작사례 구분 표기),제약사 판촉 단골인 클립펜 주문제작을 전문으로 하나 이미 중국 공장 생산 라인을 언급하고 있어 신규 소싱 수요는 제한적임.,https://www.sm1982.com/shop/item.php?it_id=00111658455335
127,하,쿠디솜,캐릭터·IP·팬굿즈 기획사,https://www.qudisom.com/,1666-0211,,https://www.qudisom.com/ (고객 문의 게시판·주문 프로세스 페이지),인천 남동구,"캐릭터 인형·봉제 아이템, 캐릭터 굿즈, KC인증 대행","강함(자체공장/지사)(항저우·양저우·웨이팡 직영 공장 주소 공개, 중간 유통 없이 직접 생산)",중국 직영 공장 3곳 이상을 운영하는 구조라 외부 중국 소싱 파트너 필요성이 낮고 오히려 경쟁사에 가깝다.,https://www.qudisom.com/ ; https://www.qudisom.com/sewingorder
128,하,팔팔토이(88TOY),캐릭터·IP·팬굿즈 기획사 · 소규모 판촉물·패키징 중개벤더,http://www.88toy.co.kr/,02-6052-0150,pp.88toy@gmail.com,http://www.88toy.co.kr/ABOUTOEM (제작문의 게시판 후 이메일 접수),서울 구로구,"캐릭터 봉제인형 OEM(샘플 1개~10만개), 인형 부자재·라벨 / 캐릭터 인형·봉제 굿즈 OEM, 소량 샘플~대량 제작","강함(자체공장/지사)(중국 청도 공장과 독점계약해 자사 제품만 생산, 서울 항동 샘플개발실 운영)",이미 청도 독점 공장을 확보한 인형 제조사로 인형 외 품목(피규어·잡화) 소싱이 아니면 외부 중국 파트너 수요가 낮다. / 구로 소재 소규모 인형·캐릭터 굿즈 OEM 창구로 기업 IP 굿즈 발주를 받아 해외 생산을 병행하는 업체.,http://www.88toy.co.kr/ABOUTOEM ; http://www.88toy.co.kr/183
129,하,고굿즈(GOGOODS),판촉물·굿즈 제작대행사,https://gogoods.kr/,,,https://gogoods.kr/manufacturing (제작·소싱 문의),,"굿즈·패션잡화 OEM/ODM, 중국 공장 소싱, 구매대행","강함(자체공장/지사)(이우 지사, 심천/동관 지사 운영 및 현지 검수·A/S 명시)",중국 이우·심천·동관 지사를 직접 운영하는 소싱형 업체라 외부 중국 소싱 파트너가 필요하지 않고 오히려 경쟁사에 가깝다.,https://gogoods.kr/manufacturing
130,하,판촉사랑,판촉물·굿즈 제작대행사 · 관공서·학교·금융·프랜차이즈 판촉 납품업체,https://www.87sarang.com/,1688-8744,gift@87sarang.com,https://www.87sarang.com/co/contact2.html (질문과답변/견적문의),인천 남동구,"기업 판촉물, 답례품, 기념품, 홍보물(자체 인쇄시설 보유) / 기업·금융권·공공기관 판촉물, 답례품, 기념품 (전국 지역별 판촉사랑 분점망 운영)",강함(자체공장/지사)(회사소개에 중국지사 보유 및 디자인연구소·자체 인쇄시설 명시),중국지사와 자체 인쇄시설을 갖춘 판촉물 전문기업이라 외부 중국 소싱 파트너 필요성이 낮다. / 서울·부산·경남·전남·제주 등 전국 지역 분점망을 갖추고 업종별(금융권 포함) 납품사례를 공개하는 규모 있는 업체로 다품종 대량 소싱 파트너 수요가 클 것으로 판단됨.,https://www.87sarang.com/co/company2.html
