상품코드,상품명,카테고리,상품번호,원가,포장비,정산상품명,참고_누적매출,참고_판매수량,참고_이름수
NV-003,무릎보호대 슬개건 슬개골 러닝 보호대 무릎,무릎,5799070116,,,올투게더나우 무릎보호대 슬개건 슬개골 러닝 보호대 무릎 관절 아대 보호 밴드 한쪽 마사지볼,362953794,21747,9
NV-008,디스크 바른요 허리보호대 허리 복대,허리,6362662029,,,물리치료사가 판매하는 올투게더나우 디스크 바른요 허리보호대 허리 복대,151307430,6175,3
SHIP,배송비,배송비,,,,배송비,142496587,0,1
NV-002,손목보호대 손목 팔목 아대 TFCC 밴드,손목,6379382624,,,올투게더나우 손목보호대 손목 팔목 아대 TFCC 밴드 지지대 일자형 한쪽,116798046,8165,2
NV-004,팔꿈치보호대 테니스 배드민턴 배구 전완근 엘보우,팔꿈치,5798987044,,,올투게더나우 팔꿈치보호대 테니스 배드민턴 배구 전완근 엘보우 엘보 마사지볼,41404578,3510,3
NV-009,쫀쫀 손목 보호대 2p 1set,손목,8605463656,,,물리치료사가 판매하는 올투게더나우 쫀쫀 손목 보호대 2p 1set,37787352,2546,6
NV-025,허리 보호대 남자 여자 디스크 요추,허리,9921522776,,,올투게더나우 허리 보호대 남자 여자 디스크 요추 척추 더나은 복대 지지대 밴드,34582044,1060,4
NV-020,허리보호대 요추 디스크 복대 임산부 헬스,허리,5024717901,,,올투게더나우 허리보호대 요추 디스크 복대 임산부 헬스 밴드,29362380,1030,4
NV-011,스트랩 벡터 무릎보호대 슬개골 슬개건 보호대,무릎,13357149715,,,올투게더나우 스트랩 벡터 무릎보호대 슬개골 슬개건 보호대 러닝 축구 농구 배구 테니스 등산 무릅 밴드,23187106,1951,10
NV-016,블랙 1쌍,미분류,5614734297,,,블랙 1쌍,19828124,2206,3
NV-006,어깨 보호대 밴드 회전근개 쇄골 아대,어깨/목,6520261103,,,올투게더나우 어깨 보호대 밴드 회전근개 쇄골 아대 압박 헬스 골프,19634601,1353,1
NV-026,발아치패드 아치패드 주상골 발바닥 패드 밴드,발/발목,5524199797,,,올투게더나우 물리치료사가 판매하는 발아치패드 아치패드 주상골 발바닥 패드 밴드,16941429,1523,2
NV-045,베나 니슬리브 무릎 보호대 러닝 관절,무릎,12956712644,,,올투게더나우 베나 니슬리브 무릎 보호대 러닝 관절 아대 등산 헬스 운동 농구 테니스 배구 2p 1set,16478434,799,3
NV-028,디스크 블랙 허리보호대 허리복대,허리,6655032093,,,물리치료사가 판매하는 올투게더나우 디스크 블랙 허리보호대 허리복대,13500654,662,1
NV-030,올바른 척추 골프 여름용 갈비뼈 얇은,허리,8895292277,,,물리치료사가 판매하는 올투게더나우 올바른 척추 골프 여름용 갈비뼈 얇은 허리 보호대 복대,12142987,596,1
NV-010,8세대 영자 무릎 보호대 러닝 스쿼트,무릎,9046294613,,,올투게더나우 8세대 영자 무릎 보호대 러닝 스쿼트 테이핑 크로스핏 니슬리브 한쪽,10606525,485,1
NV-005,쫀쫀 엘보 팔꿈치 보호대 아대 골프,팔꿈치,6520479823,,,올투게더나우 물리치료사가 판매하는 쫀쫀 엘보 팔꿈치 보호대 아대 골프 테니스 배드민턴 헬스,9913177,655,1
NV-007,블랙 한쪽,미분류,5003259611,,,블랙 한쪽,7091865,614,2
NV-018,경추 목 보호대 일자 거북 소프트,허리,9608224404,,,올투게더나우 경추 목 보호대 일자 거북 소프트 칼라 디스크 아대 지지대 깁스 기브스,6228024,523,1
NV-021,헬스 임산부 얇은 강력한 견인 손목,손목,5355270179,,,올투게더나우 헬스 임산부 얇은 강력한 견인 손목 보호대 아대 1쌍 악력기 증정,4132609,330,3
NV-012,자세펴 바른 자세 밴드 굽은등 척추,허리,9529628729,,,올투게더나우 자세펴 바른 자세 밴드 굽은등 척추 말린 어깨 라운드숄더 핏 허리 교정기,3891013,290,1
NV-032,영자 무릎보호대 양쪽,무릎,7457903992,,,물리치료사가 판매하는 올투게더나우 영자 무릎보호대 양쪽,3677525,143,1
NV-024,발란스 팔꿈치보호대 테니스 골프 배드민턴 헬스,팔꿈치,5654660417,,,올투게더나우 발란스 팔꿈치보호대 테니스 골프 배드민턴 헬스 엘보 엘보우 팔 팔뚝 아대 밴드,3029247,211,1
NV-037,힐링허그 온열 냉 찜질 허리보호대 생리,허리,12774184689,,,올투게더나우 힐링허그 온열 냉 찜질 허리보호대 생리 복부 복대 밴드 허리 벨트 지지대,2886765,103,1
NV-019,헬스 스포츠 축구 발목 관절 보호대,발/발목,4973726723,,,올투게더나우 헬스 스포츠 축구 발목 관절 보호대 아대 밴드 지지대,2710733,208,2
NV-044,4세대 영자 무릎보호대 무릅 무름 무릎,무릎,6966151134,,,물리치료사가 판매하는 올투게더나우 4세대 영자 무릎보호대 무릅 무름 무릎 아대 헬스 러닝,2397495,127,1
NV-038,헬스 골프 테니스 클라이밍 임산부 팔목,손목,10253686730,,,올투게더나우 헬스 골프 테니스 클라이밍 임산부 팔목 마이핏 손목 보호대 아대,2221665,104,2
NV-033,2p 꽉쪼아 팔꿈치보호대 아대 슬리브 밴드,팔꿈치,5629504025,,,올투게더나우 2p 꽉쪼아 팔꿈치보호대 아대 슬리브 밴드 테이핑 골프 농구 테니스 헬스,2124435,144,1
NV-013,ATN 팔꿈치 엘보 보호대 골프 테니스,팔꿈치,6520199353,,,물리치료사가 판매하는 올투게더나우 ATN 팔꿈치 엘보 보호대 골프 테니스 배드민턴 헬스,2094075,160,1
NV-023,영자 무릎보호대 헬스 등산 러닝 스쿼트,무릎,5815680678,,,올투게더나우 영자 무릎보호대 헬스 등산 러닝 스쿼트 테이핑 크로스핏 무릎 아대 밴드,1891931,140,1
NV-034,코지 무릎보호대 등산 헬스 농구 배구,무릎,5595025105,,,올투게더나우 코지 무릎보호대 등산 헬스 농구 배구 런닝 러닝 군인 슬개골 관절 니슬리브,1886097,120,1
NV-022,자바라 발목보호대 발목 아대 2p,발/발목,6520307731,,,물리치료사가 판매하는 올투게더나우 자바라 발목보호대 발목 아대 2p,1566977,95,1
NV-041,세이즈 손목보호대 손목아대,손목,5970351139,,,올투게더나우 물리치료사가 판매하는 세이즈 손목보호대 손목아대,1493326,79,1
NV-042,디스크 도르래 원와이어 허리보호대 복대 지지대,허리,5968275643,,,물리치료사가 판매하는 올투게더나우 디스크 도르래 원와이어 허리보호대 복대 지지대,1480460,52,1
NV-031,바른자세 허리보호대,허리,8124456717,,,물리치료사가 판매하는 올투게더나우 바른자세 허리보호대,1308540,53,1
NV-049,아치 업 깔창 실리콘 뒤꿈치 군대,발/발목,13068920874,,,올투게더나우 아치 업 깔창 실리콘 뒤꿈치 군대 군인 군화 행군,1190918,227,1
NV-017,발열 허리 디스크 척추 보호대 복대,허리,5299145323,,,올투게더나우 물리치료사가 직접 판매하는 발열 허리 디스크 척추 보호대 복대,1130407,67,1
NV-015,손가락 엄지 검지 중지 약지 새끼,손가락,8351363328,,,물리치료사가 판매하는 올투게더나우 손가락 엄지 검지 중지 약지 새끼 보호대 아대 지지대,1104343,97,1
NV-001,큐디아 손목 보호대 T1 온열 저주파,손목,11017176082,,,큐디아 손목 보호대 T1 온열 저주파 마사지 아대 산후 산전 헬스 테니스 찜질 EMS,1087211,11,2
NV-036,가벼운 허리보호대 복대,허리,7720884797,,,물리치료사가 판매하는 올투게더나우 가벼운 허리보호대 복대,1050302,69,1
NV-029,고정 손목보호대,손목,7414085924,,,물리치료사가 판매하는 올투게더나우 고정 손목보호대,898572,80,1
NV-027,큐디아 무릎 슬개건 슬개골 보호대 러닝,무릎,9969330650,,,큐디아 무릎 슬개건 슬개골 보호대 러닝 무릎 관절 보호 밴드 니 슬리브 1P,856452,30,1
NV-039,엄지 발가락 보호대,발/발목,5415180339,,,물리치료사가 판매하는 올투게더나우 엄지 발가락 보호대,670702,63,1
NV-014,얇은 허리 보호대,허리,7090326638,,,물리치료사가 판매하는 올투게더나우 얇은 허리 보호대,625439,41,1
NV-050,미국 스포츠 쿨파스 바르는 파스 쿨링,무릎,13402813253,,,올투게더나우 미국 스포츠 쿨파스 바르는 파스 쿨링 휴대용 스포츠겔 무릎 허리 손목 관절 근육,567132,27,1
NV-046,팔꿈치 엘보 보호대,팔꿈치,4845158048,,,물리치료사가 판매하는 올투게더나우 팔꿈치 엘보 보호대,566443,47,1
NV-048,다이얼 압박 무릎보호대 1p,무릎,8643749105,,,물리치료사가 판매하는 올투게더나우 다이얼 압박 무릎보호대 1p,475281,17,1
NV-047,꽉쪼아 손목 보호대 아대 엄지손가락 스트랩,손목,5567864358,,,올투게더나우 물리치료사가 판매하는 꽉쪼아 손목 보호대 아대 엄지손가락 스트랩 운동 골프 테니스,306114,30,1
NV-035,친환경 땅콩 싱글 마사지 지압 스트레칭,어깨/목,4911599710,,,올투게더나우 친환경 땅콩 싱글 마사지 지압 스트레칭 공 발 어깨 승모근 요가 마사지 볼,303443,61,2
NV-040,쫀쫀 무릎 보호대,무릎,6520546844,,,물리치료사가 판매하는 올투게더나우 쫀쫀 무릎 보호대,297787,15,1
NV-043,국내생산 큐디아 PN 런닝 등산 배드민턴,무릎,10463137662,,,국내생산 큐디아 PN 런닝 등산 배드민턴 헬스 관절 연골 무릎 보호대 압박 밴드1p,155738,5,1
NV-052,추가용 교체 스트랩,기타용품,13436457523,,,올투게더나우 추가용 교체 스트랩,125089,22,1
NV-051,미국 올림픽 선수도 사용하는 케이티 테이프,무릎,13397438952,,,미국 올림픽 선수도 사용하는 케이티 테이프 오리지널 본사 스포츠 테이핑 키네시올로지 손목 무릎 어깨 근육,102652,7,1
NV-055,트위스트바 블랙 전완근 손목 운동,손목,13462493161,,,올투게더나우 트위스트바 블랙 전완근 손목 운동,62723,7,1
NV-053,마사지볼 블랙,기타용품,13462976266,,,올투게더나우 마사지볼 블랙,13977,4,1
NV-054,A형 악력기,기타용품,13462521558,,,올투게더나우 A형 악력기,8303,2,1
OPT,옵션·추가구성,미분류,,,,옵션·추가구성,0,0,1
