상품명,원가,메모
"물리치료사가 판매하는 올투게더나우 팔꿈치 엘보 보호대, 블랙, 1개, free",2200,대표 확인 2026-09-03
"올투게더나우 팔꿈치 엘보 보호대, 블랙, 2개, FREE",3700,대표 확인 2026-09-03 (2개=1세트 3700)
올투게더나우 실리콘 손목 보호대 2개 18g 15*8*6.5cm,1200,대표 확인 2026-09-03
"올투게더나우 무릎 보호대, 블랙",2200,대표 확인 2026-09-03
"물리치료사가 추천하는 2p 손목 보호대, 1개",1500,대표 확인 2026-09-03
"물리치료사 판매하는 올투게더나우 디스크 허리보호대 복대, L + 마사지볼",7500,대표 확인 2026-09-03
"물리치료사 판매하는 올투게더나우 디스크 허리보호대 복대, M + 마사지볼",7500,대표 확인 2026-09-03
"올투게더나우 블랙 엘보 보호대, 1개",2200,대표 확인 2026-09-03
올투게더나우 족저근막 아치 깔창 2p 2set,1000,대표 확인 2026-09-03
올투게더나우 족저근막 아치 깔창 2p 2set M ( 225~ 245mm),1000,대표 확인 2026-09-03
올투게더나우 족저근막 아치 깔창 2p 1set M ( 225~ 245mm),500,대표 확인 2026-09-03
