상품명,상품번호
블랙 한쪽,6379382624
올투게더나우 손목보호대 손목 팔목 아대 TFCC 밴드 지지대 일자형 한쪽,6379382624
L,6379382624
XL,6379382624
S,6379382624
M,6379382624
롤형,6379382624
튜브형,6379382624
블랙,6379382624
블랙(10LB),6379382624
TFCC 손목보호대/ 추가 1세트,6379382624
블랙 1쌍,6362662029
물리치료사가 판매하는 올투게더나우 디스크 바른요 허리보호대 허리 복대,6362662029
블랙 한쪽,6362662029
1쌍,6362662029
M(225~245mm),6362662029
롤형,6362662029
튜브형,6362662029
밀포드 메디겔,6362662029
L(250~275mm),6362662029
블랙,6362662029
1개,6362662029
올투게더나우 무릎 슬개건 슬개골 보호대 러닝 무릎 아대 관절 보호 밴드 한쪽 마사지볼,5799070116
M,5799070116
1쌍,5799070116
블랙 1쌍,5799070116
S,5799070116
XL,5799070116
L,5799070116
L(250 ~ 275mm),5799070116
M(225 ~ 245mm),5799070116
올투게더나우 무릎보호대 슬개건 슬개골 러닝 보호대 무릎 관절 아대 보호 밴드 한쪽 마사지볼,5799070116
롤형,5799070116
L(250~275mm),5799070116
M(225~245mm),5799070116
튜브형,5799070116
베이지,5799070116
블랙,5799070116
올투게더나우 러닝 무릎보호대 슬개건 슬개골 보호대 관절 보호 밴드 아대 한쪽 마사지볼,5799070116
변경 : 올투게더나우 러닝 무릎보호대 슬개건 슬개골 보호대 관절 보호 밴드 아대 한쪽 마사지볼,5799070116
올투게더나우 러닝 무릎보호대 슬개골 슬개건 보호대 관절 보호 밴드 등산 아대 한쪽 마사지볼,5799070116
블랙 1세트 추가(양쪽),5799070116
롤온,5799070116
올투게더나우 팔꿈치보호대 테니스 배드민턴 배구 전완근 엘보우 엘보 마사지볼,5798987044
블랙 1쌍,5798987044
블랙,5798987044
블랙(10LB),5798987044
롤형,5798987044
블루,5798987044
튜브형,5798987044
블랙 / 추가 1세트(양쪽),5798987044
블랙 한팔,8605463656
물리치료사가 판매하는 올투게더나우 쫀쫀 손목 보호대 2p 1set,8605463656
블랙 한쪽,8605463656
L,8605463656
베이지,8605463656
블랙(10LB),8605463656
블랙,8605463656
롤형,8605463656
올투게더나우 쫀쫀 손목 보호대 여름 얇은 팔목 지지대 아대 2p 1set 악력기 구성,8605463656
올투게더나우 쫀쫀 손목 보호대 여름 얇은 팔목 지지대 아대 2p 1set,8605463656
튜브형,8605463656
형,8605463656
물리치료사가 판매하는 올투게더나우 올바른 척추 골프 여름용 갈비뼈 얇은 허리 보호대 복대,8895292277
올투게더나우 자바라 런닝 무릎보호대 러닝 스쿼트 크로스핏 관절 보호 밴드 블랙 한쪽,5614734297
L,5614734297
XL,5614734297
1쌍,5614734297
블랙 1쌍,5614734297
올투게더나우 어깨 보호대 밴드 회전근개 쇄골 아대 압박 헬스 골프,6520261103
블랙,6520261103
블랙 한쪽,6520261103
L,6520261103
M,6520261103
XL,6520261103
올투게더나우 허리보호대 요추 디스크 복대 임산부 헬스 밴드,5024717901
블랙 한팔,5024717901
블루 한팔,5024717901
레드 한쪽,5024717901
올투게더나우 허리보호대 요추 디스크 복대 임산부 헬스 밴드 마사지볼,5024717901
롤형,5024717901
블랙,5024717901
올투게더나우 헬스 스포츠 축구 발목 관절 보호대 아대 밴드 지지대,4973726723
블랙 한팔,4973726723
블랙,4973726723
올투게더나우 물리치료사가 판매하는 발아치패드 아치패드 주상골 발바닥 패드 밴드,5524199797
블랙,5524199797
블랙 한쪽,5524199797
S,5524199797
L,5524199797
XL,5524199797
M,5524199797
올투게더나우 물리치료사가 판매하는 쫀쫀 엘보 팔꿈치 보호대 아대 골프 테니스 배드민턴 헬스,6520479823
롤형,6520479823
블랙,6520479823
물리치료사가 판매하는 올투게더나우 디스크 블랙 허리보호대 허리복대,6655032093
물리치료사가 판매하는 올투게더나우 ATN 팔꿈치 엘보 보호대 골프 테니스 배드민턴 헬스,6520199353
올투게더나우 베나 니슬리브 무릎 보호대 러닝 관절 아대 등산 헬스 운동 농구 테니스 배구 2p 1set,12956712644
올투게더나우 베나 니슬리브 무릎 보호대 러닝 관절 아대 등산 헬스 운동 농구 테니스 배구,12956712644
올투게더나우 베나 니슬리브 러닝 무릎보호대 배구 헬스 축구 러닝 농구 등산 테니스 2p,12956712644
블랙,5299145323
블랙 한쪽,5299145323
올투게더나우 물리치료사가 직접 판매하는 발열 허리 디스크 척추 보호대 복대,5299145323
올투게더나우 힐링허그 온열 냉 찜질 허리보호대 생리 복부 복대 밴드 허리 벨트 지지대,12774184689
올투게더나우 코지 무릎보호대 등산 헬스 농구 배구 런닝 러닝 군인 슬개골 관절 니슬리브,5595025105
블랙,5595025105
블랙 한쪽,5595025105
물리치료사가 판매하는 올투게더나우 손가락 엄지 검지 중지 약지 새끼 보호대 아대 지지대,8351363328
올투게더나우 경추 목 보호대 일자 거북 소프트 칼라 디스크 아대 지지대 깁스 기브스,9608224404
2p,9921522776
올투게더나우 허리 보호대 남자 여자 디스크 요추 척추 더나은 복대 지지대 밴드,9921522776
1p,9921522776
L,9921522776
롤형,9921522776
L(250~275mm),9921522776
M(225~245MM),9921522776
블랙,9921522776
물리치료사가 판매하는 올투게더나우 팔꿈치 엘보 보호대,4845158048
블랙,4845158048
L,4845158048
블랙 한쪽,4845158048
올투게더나우 물리치료사가 판매하는 세이즈 손목보호대 손목아대,5970351139
올투게더나우 헬스 임산부 얇은 강력한 견인 손목 보호대 아대 1쌍 악력기 증정,5355270179
M,5355270179
XL,5355270179
L,5355270179
올투게더나우 자세펴 바른 자세 밴드 굽은등 척추 말린 어깨 라운드숄더 핏 허리 교정기,9529628729
올투게더나우 8세대 영자 무릎 보호대 러닝 스쿼트 테이핑 크로스핏 니슬리브 한쪽,9046294613
블랙,9046294613
L,9046294613
물리치료사가 판매하는 올투게더나우 자바라 발목보호대 발목 아대 2p,6520307731
올투게더나우 2p 꽉쪼아 팔꿈치보호대 아대 슬리브 밴드 테이핑 골프 농구 테니스 헬스,5629504025
블랙,5629504025
물리치료사가 판매하는 올투게더나우 고정 손목보호대,7414085924
올투게더나우 발란스 팔꿈치보호대 테니스 골프 배드민턴 헬스 엘보 엘보우 팔 팔뚝 아대 밴드,5654660417
블랙,5654660417
올투게더나우 영자 무릎보호대 헬스 등산 러닝 스쿼트 테이핑 크로스핏 무릎 아대 밴드,5815680678
블랙 한쪽,5815680678
큐디아 무릎 슬개건 슬개골 보호대 러닝 무릎 관절 보호 밴드 니 슬리브 1P,9969330650
올투게더나우 친환경 땅콩 싱글 마사지 지압 스트레칭 공 발 어깨 승모근 요가 마사지 볼,4911599710
하드 옐로우,4911599710
물리치료사가 판매하는 올투게더나우 가벼운 허리보호대 복대,7720884797
올투게더나우 무릎 보호대 슬개골 슬개건 러닝 무릎보호대 아대 스트랩 보호 밴드,5003259611
블랙 한쪽,5003259611
올투게더나우 헬스 골프 테니스 클라이밍 임산부 팔목 마이핏 손목 보호대 아대,10253686730
L,10253686730
물리치료사가 판매하는 올투게더나우 얇은 허리 보호대,7090326638
물리치료사가 판매하는 올투게더나우 엄지 발가락 보호대,5415180339
국내생산 큐디아 PN 런닝 등산 배드민턴 헬스 관절 연골 무릎 보호대 압박 밴드1p,10463137662
물리치료사가 판매하는 올투게더나우 다이얼 압박 무릎보호대 1p,8643749105
물리치료사가 판매하는 올투게더나우 4세대 영자 무릎보호대 무릅 무름 무릎 아대 헬스 러닝,6966151134
물리치료사가 판매하는 올투게더나우 영자 무릎보호대 양쪽,7457903992
물리치료사가 판매하는 올투게더나우 쫀쫀 무릎 보호대,6520546844
물리치료사가 판매하는 올투게더나우 바른자세 허리보호대,8124456717
올투게더나우 물리치료사가 판매하는 꽉쪼아 손목 보호대 아대 엄지손가락 스트랩 운동 골프 테니스,5567864358
물리치료사가 판매하는 올투게더나우 디스크 도르래 원와이어 허리보호대 복대 지지대,5968275643
쇼핑백(소),11017176082
큐디아 손목 보호대 T1 온열 저주파 마사지 아대 산후 산전 헬스 테니스 찜질 EMS,11017176082
올투게더나우 아치 업 깔창 실리콘 뒤꿈치 군대 군인 군화 행군,13068920874
올투게더나우 스트랩 벡터 무릎보호대 슬개골 슬개건 보호대 러닝 축구 농구 배구 테니스 등산 무릅 밴드,13357149715
L(250~275mm),13357149715
롤형,13357149715
튜브형,13357149715
올투게더나우 스트랩 무릎보호대 슬개골 슬개건 보호대 러닝 축구 농구 배구 테니스 등산 무릅 밴드,13357149715
올투게더나우 스트랩 무릎보호대 슬개골 러닝 축구 농구 배구 테니스 등산 무릅 슬개건 보호대,13357149715
블랙,13357149715
M(225~245mm),13357149715
올투게더나우 스트랩 벡터 무릎보호대 슬개골 슬개건 보호대 러닝 축구 농구 배구 테니스 등산 무릅 밴드 오른쪽,13357149715
올투게더나우 스트랩 벡터 러닝 무릎보호대 슬개건 슬개골 보호대 틍산 운동 아대 밴드 오른쪽,13357149715
미국 올림픽 선수도 사용하는 케이티 테이프 오리지널 본사 스포츠 테이핑 키네시올로지 손목 무릎 어깨 근육,13397438952
올투게더나우 미국 스포츠 쿨파스 바르는 파스 쿨링 휴대용 스포츠겔 무릎 허리 손목 관절 근육,13402813253
올투게더나우 추가용 교체 스트랩,13436457523
올투게더나우 A형 악력기,13462521558
올투게더나우 마사지볼 블랙,13462976266
올투게더나우 트위스트바 블랙 전완근 손목 운동,13462493161
