월,상품번호,옵션정보,수량,원가합계
2026-01,10253686730,수량: 1p,3,8100
2026-01,10253686730,수량: 2p,5,27000
2026-01,10463137662,사이즈: S-M,8,0
2026-01,11017176082,고급 쇼핑백 (소): 쇼핑백(소),1,0
2026-01,11017176082,색상: 라벤더,1,0
2026-01,12774184689,수량: 1세트,25,112500
2026-01,12774184689,수량: 2세트,4,18000
2026-01,12956712644,사이즈: L / 수량: 1p,26,0
2026-01,12956712644,사이즈: L / 수량: 2p,19,102600
2026-01,12956712644,사이즈: M / 수량: 1p,37,0
2026-01,12956712644,사이즈: M / 수량: 2p,9,48600
2026-01,12956712644,사이즈: S / 수량: 1p,17,0
2026-01,12956712644,사이즈: S / 수량: 2p,3,16200
2026-01,12956712644,사이즈: XL / 수량: 1p,10,0
2026-01,12956712644,사이즈: XL / 수량: 2p,7,0
2026-01,4845158048,옵션: 양팔 블랙 상세페이지 링크로 구매시 사은품제공,2,0
2026-01,4845158048,옵션: 양팔 블루,1,0
2026-01,4845158048,옵션: 한팔 블랙 상세페이지 링크로 구매시 사은품제공,3,0
2026-01,4911599710,종류: 땅콩 / 컬러: 블랙,5,0
2026-01,4911599710,종류: 땅콩 / 컬러: 블루,2,0
2026-01,4911599710,종류: 땅콩 / 컬러: 핑크,2,0
2026-01,4911599710,종류: 싱글 / 컬러: 블랙,1,0
2026-01,4911599710,종류: 싱글 / 컬러: 핑크,1,0
2026-01,4973726723,사이즈: 양쪽 L(250~270),12,32400
2026-01,4973726723,사이즈: 양쪽 M(225~245),16,43200
2026-01,5003259611,컬러: 레드,8,17600
2026-01,5003259611,컬러: 블루,28,61600
2026-01,5024717901,사이즈: L,56,420000
2026-01,5024717901,사이즈: M,14,105000
2026-01,5024717901,사이즈: XL,65,487500
2026-01,5024717901,엘보 보호대 + 악력기: 블랙 한팔,1,7500
2026-01,5299145323,사이즈: L,10,0
2026-01,5299145323,사이즈: M,8,0
2026-01,5299145323,사이즈: XL,3,0
2026-01,5299145323,손목보호대 1쌍 + 마사지볼: 블랙,1,0
2026-01,5299145323,슬개건 무릎보호대 + 마사지볼: 블랙 한쪽,2,0
2026-01,5355270179,,13,31200
2026-01,5355270179,중급 허리보호대 + 마사지볼: M,1,2400
2026-01,5415180339,좌우 선택: 양쪽,2,4000
2026-01,5415180339,좌우 선택: 좌,2,4000
2026-01,5524199797,바른요 허리보호대: S,1,2100
2026-01,5524199797,수량: 아치패드 1쌍 블랙 + 마사지볼,15,31500
2026-01,5524199797,수량: 아치패드 1쌍 스킨 + 마사지볼,37,77700
2026-01,5524199797,수량: 아치패드 2쌍 블랙 + 마사지볼,27,56700
2026-01,5524199797,수량: 아치패드 2쌍 블랙+ 스킨 + 마사지볼,10,21000
2026-01,5524199797,수량: 아치패드 2쌍 스킨 + 마사지볼,16,33600
2026-01,5524199797,슬개건 무릎 보호대 + 마사지볼: 블랙 한쪽,7,14700
2026-01,5524199797,쫀쫀 손목보호대 1쌍: 블랙,1,2100
2026-01,5567864358,손 방향: 왼손 / 사이즈: L,1,0
2026-01,5595025105,수량: 1쌍 / 사이즈: L,3,14400
2026-01,5595025105,수량: 1쌍 / 사이즈: M,11,52800
2026-01,5595025105,수량: 1쌍 / 사이즈: S,1,4800
2026-01,5595025105,수량: 1쌍 / 사이즈: XL,1,4800
2026-01,5614734297,바른요 허리보호대: L,1,0
2026-01,5614734297,수량: 블랙 양쪽,67,388600
2026-01,5614734297,수량: 블랙 한쪽,14,40600
2026-01,5629504025,사이즈: L / 컬러: 레드,3,16800
2026-01,5629504025,사이즈: L / 컬러: 블랙,2,11200
2026-01,5629504025,사이즈: M / 컬러: 레드,1,5600
2026-01,5629504025,사이즈: M / 컬러: 블랙,6,33600
2026-01,5654660417,컬러: 블랙 / 수량: 양팔,4,21600
2026-01,5654660417,컬러: 블랙 / 수량: 한팔,7,29400
2026-01,5654660417,컬러: 블루 / 수량: 한팔,1,4200
2026-01,5798987044,색상: 레드 양팔 + 마사지볼,1,3700
2026-01,5798987044,색상: 레드 양팔 + 악력기,1,3700
2026-01,5798987044,색상: 레드 한팔 + 악력기,1,2200
2026-01,5798987044,색상: 블랙 양팔 + 마사지볼,78,288600
2026-01,5798987044,색상: 블랙 양팔 + 악력기,34,125800
2026-01,5798987044,색상: 블랙 한팔 + 마사지볼,158,347600
2026-01,5798987044,색상: 블랙 한팔 + 악력기,65,143000
2026-01,5798987044,색상: 블루 양팔 + 마사지볼,4,14800
2026-01,5798987044,색상: 블루 양팔 + 악력기,3,11100
2026-01,5798987044,색상: 블루 한팔 + 마사지볼,4,8800
2026-01,5798987044,색상: 블루 한팔 + 악력기,2,4400
2026-01,5799070116,바른요 허리보호대: L,3,0
2026-01,5799070116,바른요 허리보호대: M,2,0
2026-01,5799070116,바른요 허리보호대: S,1,0
2026-01,5799070116,바른요 허리보호대: XL,1,0
2026-01,5799070116,색상: 레드 + 마사지볼 / 수량: 양쪽,40,148000
2026-01,5799070116,색상: 레드 + 마사지볼 / 수량: 한쪽,1,2200
2026-01,5799070116,색상: 블랙 + 마사지볼 / 수량: 양쪽,1886,6978200
2026-01,5799070116,색상: 블랙 + 마사지볼 / 수량: 한쪽,186,409200
2026-01,5799070116,색상: 블루 + 마사지볼 / 수량: 양쪽,55,203500
2026-01,5799070116,색상: 블루 + 마사지볼 / 수량: 한쪽,8,17600
2026-01,5799070116,아치패드 + 마사지볼: 1쌍,22,0
2026-01,5799070116,쫀쫀 손목보호대: 블랙 1쌍,30,36000
2026-01,5815680678,컬러: 블랙 / 사이즈: M / 좌우: 오른쪽,4,14800
2026-01,5815680678,컬러: 블랙 / 사이즈: M / 좌우: 왼쪽,7,25900
2026-01,5815680678,컬러: 블랙 / 사이즈: S / 좌우: 오른쪽,2,7400
2026-01,5815680678,컬러: 블랙 / 사이즈: S / 좌우: 왼쪽,2,7400
2026-01,5815680678,컬러: 아이보리 / 사이즈: L / 좌우: 오른쪽,2,7400
2026-01,5815680678,컬러: 아이보리 / 사이즈: L / 좌우: 왼쪽,1,3700
2026-01,5968275643,사이즈: M,1,8000
2026-01,5968275643,사이즈: XL,1,8000
2026-01,5970351139,컬러: 블랙 / 수량: 양쪽,4,10800
2026-01,5970351139,컬러: 블랙 / 수량: 한쪽,2,5400
2026-01,6362662029,사이즈: 회색L,313,2347500
2026-01,6362662029,사이즈: 회색M,196,1470000
2026-01,6362662029,사이즈: 회색S,57,427500
2026-01,6362662029,사이즈: 회색XL,302,2265000
2026-01,6362662029,아치패드: 1쌍,12,90000
2026-01,6362662029,자바라 무릎보호대: 블랙 한쪽,21,157500
2026-01,6362662029,쫀쫀 손목보호대: 블랙 1쌍,15,112500
2026-01,6379382624,무릎 슬개건 보호대 + 마사지볼: 블랙 한쪽,29,63800
2026-01,6379382624,바른요 허리보호대: L,4,0
2026-01,6379382624,바른요 허리보호대: XL,1,0
2026-01,6379382624,수량: 일자형 양쪽,888,4262400
2026-01,6379382624,수량: 일자형 한쪽,451,1082400
2026-01,6379382624,팔꿈치 엘보 보호대 + 악력기: 블랙 한쪽,31,68200
2026-01,6520199353,수량: 양팔,43,107500
2026-01,6520199353,수량: 한팔,25,62500
2026-01,6520261103,바른요 허리보호대: L,1,0
2026-01,6520261103,방향: 오른쪽,167,751500
2026-01,6520261103,방향: 왼쪽,98,441000
2026-01,6520261103,엘보 보호대 + 악력기: 블랙 한쪽,5,0
2026-01,6520261103,쫀쫀 손목보호대 1쌍: 블랙,4,0
2026-01,6520307731,사이즈: L,2,4800
2026-01,6520307731,사이즈: M,9,21600
2026-01,6520479823,수량: 양팔,67,348400
2026-01,6520479823,수량: 한팔,63,163800
2026-01,6520546844,수량: 양쪽 / 색상: 핑크,1,0
2026-01,6655032093,사이즈: L,32,249600
2026-01,6655032093,사이즈: M,21,163800
2026-01,6655032093,사이즈: XL,47,366600
2026-01,6966151134,색상: 블랙 / 사이즈: M(1p),7,14000
2026-01,6966151134,색상: 블랙 / 사이즈: XL(1p),1,2000
2026-01,7090326638,사이즈: M,6,0
2026-01,7414085924,수량: 오른쪽 / 사이즈: S,4,12800
2026-01,7414085924,수량: 왼쪽 / 사이즈: M,5,16000
2026-01,7414085924,수량: 왼쪽 / 사이즈: S,2,6400
2026-01,7457903992,컬러: 블랙 / 사이즈: L,6,44400
2026-01,7457903992,컬러: 블랙 / 사이즈: M,8,59200
2026-01,7457903992,컬러: 블랙 / 사이즈: S,4,29600
2026-01,7457903992,컬러: 아이보리 / 사이즈: L,1,7400
2026-01,7457903992,컬러: 아이보리 / 사이즈: M,2,14800
2026-01,7720884797,사이즈: L,7,0
2026-01,7720884797,사이즈: M,1,0
2026-01,7720884797,사이즈: XL,1,0
2026-01,7720884797,사이즈: XXL,1,0
2026-01,8124456717,사이즈: L,4,0
2026-01,8124456717,사이즈: S,1,0
2026-01,8351363328,사이즈: 남성용 사이즈 L,5,0
2026-01,8351363328,사이즈: 여성용 사이즈 S,5,0
2026-01,8605463656,무릎 슬개건 보호대 + 마사지볼: 블랙 한쪽,7,8400
2026-01,8605463656,색상: 그레이,48,57600
2026-01,8605463656,색상: 블랙,293,351600
2026-01,8605463656,색상: 핑크,17,20400
2026-01,8605463656,팔꿈치 엘보 보호대 + 악력기: 블랙 한팔,9,10800
2026-01,8643749105,수량: 1개 / 사이즈: L(무릎둘레 44~48),1,0
2026-01,8643749105,수량: 1개 / 사이즈: M(무릎둘레 40~44),3,0
2026-01,8895292277,사이즈: L,10,81000
2026-01,8895292277,사이즈: M,11,89100
2026-01,8895292277,사이즈: S,6,48600
2026-01,8895292277,사이즈: XL,9,72900
2026-01,9046294613,사이즈: L / 수량: 양쪽,14,75600
2026-01,9046294613,사이즈: L / 수량: 한쪽,8,0
2026-01,9046294613,사이즈: M / 수량: 양쪽,27,145800
2026-01,9046294613,사이즈: M / 수량: 한쪽,11,29700
2026-01,9046294613,사이즈: XL / 수량: 양쪽,8,43200
2026-01,9046294613,사이즈: XL / 수량: 한쪽,4,0
2026-01,9046294613,쫀쫀 손목보호대: 블랙,2,0
2026-01,9529628729,사이즈: L,36,97200
2026-01,9529628729,사이즈: M,21,56700
2026-01,9608224404,사이즈: L,44,154000
2026-01,9608224404,사이즈: M,69,241500
2026-01,9921522776,TFCC 손목보호대: 2p,4,33360
2026-01,9921522776,사이즈: L,66,550440
2026-01,9921522776,사이즈: M,37,308580
2026-01,9921522776,사이즈: XL,50,417000
2026-01,9921522776,쫀쫀 엘보 보호대: 1p,1,8340
2026-01,9921522776,쫀쫀 엘보 보호대: 2p,1,8340
2026-01,9921522776,큐디아 무릎보호대 1p: L,2,16680
2026-01,9969330650,수량: 1p / 사이즈: L,4,0
2026-01,9969330650,수량: 1p / 사이즈: M,1,0
2026-01,9969330650,수량: 2p / 사이즈: L,6,0
2026-01,9969330650,수량: 2p / 사이즈: S,2,0
2026-02,10253686730,수량: 1p,3,8100
2026-02,10253686730,수량: 2p,6,32400
2026-02,12774184689,수량: 1세트,19,85500
2026-02,12774184689,수량: 2세트,6,27000
2026-02,12956712644,사이즈: L / 수량: 1p,7,0
2026-02,12956712644,사이즈: L / 수량: 2p,14,75600
2026-02,12956712644,사이즈: M / 수량: 1p,12,0
2026-02,12956712644,사이즈: M / 수량: 2p,47,253800
2026-02,12956712644,사이즈: S / 수량: 1p,1,0
2026-02,12956712644,사이즈: S / 수량: 2p,13,70200
2026-02,12956712644,사이즈: XL / 수량: 2p,7,0
2026-02,13068920874,사이즈: L(250 ~ 275mm) / 수량: 1세트,1,500
2026-02,13068920874,사이즈: L(250 ~ 275mm) / 수량: 2세트,2,1000
2026-02,13068920874,사이즈: M(225 ~ 245mm) / 수량: 1세트,3,1500
2026-02,13068920874,사이즈: M(225 ~ 245mm) / 수량: 2세트,3,1500
2026-02,4845158048,옵션: 한팔 블랙 상세페이지 링크로 구매시 사은품제공,5,0
2026-02,4911599710,종류: 땅콩 / 컬러: 그린,2,0
2026-02,4911599710,종류: 땅콩 / 컬러: 블랙,1,0
2026-02,4911599710,종류: 싱글 / 컬러: 그린,1,0
2026-02,4911599710,종류: 싱글 / 컬러: 블랙,1,0
2026-02,4911599710,종류: 싱글 / 컬러: 핑크,1,0
2026-02,4973726723,사이즈: 양쪽 L(250~270),10,27000
2026-02,4973726723,사이즈: 양쪽 M(225~245),7,18900
2026-02,5003259611,엘보 팔꿈치 보호대 + 악력기: 블랙 한쪽,1,0
2026-02,5003259611,컬러: 레드,8,17600
2026-02,5003259611,컬러: 블루,13,28600
2026-02,5024717901,사이즈: L,52,390000
2026-02,5024717901,사이즈: M,27,202500
2026-02,5024717901,사이즈: XL,28,210000
2026-02,5299145323,사이즈: L,6,0
2026-02,5299145323,사이즈: M,2,0
2026-02,5355270179,,19,45600
2026-02,5415180339,좌우 선택: 양쪽,5,10000
2026-02,5415180339,좌우 선택: 우,5,10000
2026-02,5415180339,좌우 선택: 좌,2,4000
2026-02,5524199797,수량: 아치패드 1쌍 블랙 + 마사지볼,8,16800
2026-02,5524199797,수량: 아치패드 1쌍 스킨 + 마사지볼,32,67200
2026-02,5524199797,수량: 아치패드 2쌍 블랙 + 마사지볼,16,33600
2026-02,5524199797,수량: 아치패드 2쌍 블랙+ 스킨 + 마사지볼,7,14700
2026-02,5524199797,수량: 아치패드 2쌍 스킨 + 마사지볼,19,39900
2026-02,5524199797,슬개건 무릎 보호대 + 마사지볼: 블랙 한쪽,4,8400
2026-02,5567864358,손 방향: 오른손 / 사이즈: L,2,0
2026-02,5567864358,손 방향: 왼손 / 사이즈: L,2,0
2026-02,5595025105,수량: 1쌍 / 사이즈: L,2,9600
2026-02,5595025105,수량: 1쌍 / 사이즈: M,3,14400
2026-02,5595025105,수량: 1쌍 / 사이즈: S,2,9600
2026-02,5595025105,수량: 1쌍 / 사이즈: XL,1,4800
2026-02,5614734297,바른요 허리보호대: L,1,0
2026-02,5614734297,바른요 허리보호대: XL,1,0
2026-02,5614734297,수량: 블랙 양쪽,75,435000
2026-02,5614734297,수량: 블랙 한쪽,10,29000
2026-02,5629504025,사이즈: L / 컬러: 레드,1,5600
2026-02,5629504025,사이즈: L / 컬러: 블랙,2,11200
2026-02,5629504025,사이즈: M / 컬러: 레드,4,22400
2026-02,5629504025,사이즈: M / 컬러: 블랙,6,33600
2026-02,5629504025,사이즈: XL / 컬러: 블랙,1,5600
2026-02,5654660417,컬러: 블랙 / 수량: 양팔,8,43200
2026-02,5654660417,컬러: 블랙 / 수량: 한팔,9,37800
2026-02,5654660417,컬러: 블루 / 수량: 한팔,1,4200
2026-02,5798987044,색상: 레드 한팔 + 마사지볼,2,4400
2026-02,5798987044,색상: 블랙 양팔 + 마사지볼,65,240500
2026-02,5798987044,색상: 블랙 양팔 + 악력기,30,111000
2026-02,5798987044,색상: 블랙 한팔 + 마사지볼,105,231000
2026-02,5798987044,색상: 블랙 한팔 + 악력기,43,94600
2026-02,5798987044,색상: 블루 양팔 + 마사지볼,7,25900
2026-02,5798987044,색상: 블루 양팔 + 악력기,3,11100
2026-02,5798987044,색상: 블루 한팔 + 마사지볼,4,8800
2026-02,5798987044,색상: 블루 한팔 + 악력기,1,2200
2026-02,5799070116,색상: 레드 + 마사지볼 / 수량: 양쪽,23,85100
2026-02,5799070116,색상: 레드 + 마사지볼 / 수량: 한쪽,1,2200
2026-02,5799070116,색상: 블랙 + 마사지볼 / 수량: 양쪽,1637,6056900
2026-02,5799070116,색상: 블랙 + 마사지볼 / 수량: 한쪽,153,336600
2026-02,5799070116,색상: 블루 + 마사지볼 / 수량: 양쪽,50,185000
2026-02,5799070116,색상: 블루 + 마사지볼 / 수량: 한쪽,3,6600
2026-02,5799070116,아치업 깔창: L(250 ~ 275mm),34,17000
2026-02,5799070116,아치업 깔창: M(225 ~ 245mm),5,2500
2026-02,5799070116,아치패드 + 마사지볼: 1쌍,2,0
2026-02,5799070116,쫀쫀 손목보호대: 블랙 1쌍,41,49200
2026-02,5815680678,엘보보호대 + 악력기: 블랙 한쪽,1,3700
2026-02,5815680678,컬러: 블랙 / 사이즈: L / 좌우: 오른쪽,1,3700
2026-02,5815680678,컬러: 블랙 / 사이즈: M / 좌우: 오른쪽,4,14800
2026-02,5815680678,컬러: 블랙 / 사이즈: M / 좌우: 왼쪽,3,11100
2026-02,5815680678,컬러: 블랙 / 사이즈: S / 좌우: 오른쪽,1,3700
2026-02,5815680678,컬러: 아이보리 / 사이즈: M / 좌우: 오른쪽,1,3700
2026-02,5815680678,컬러: 아이보리 / 사이즈: M / 좌우: 왼쪽,1,3700
2026-02,5968275643,사이즈: L,3,24000
2026-02,5968275643,사이즈: M,2,16000
2026-02,5968275643,사이즈: S,3,24000
2026-02,5968275643,사이즈: XL,1,8000
2026-02,5970351139,컬러: 블랙 / 수량: 양쪽,7,18900
2026-02,5970351139,컬러: 블랙 / 수량: 한쪽,1,2700
2026-02,5970351139,컬러: 핑크 / 수량: 양쪽,1,2700
2026-02,5970351139,컬러: 핑크 / 수량: 한쪽,2,5400
2026-02,6362662029,사이즈: 회색L,294,2205000
2026-02,6362662029,사이즈: 회색M,219,1642500
2026-02,6362662029,사이즈: 회색S,63,472500
2026-02,6362662029,사이즈: 회색XL,302,2265000
2026-02,6362662029,아치패드: 1쌍,10,75000
2026-02,6362662029,자바라 무릎보호대: 블랙 한쪽,18,135000
2026-02,6362662029,쫀쫀 손목보호대: 블랙 1쌍,19,142500
2026-02,6379382624,무릎 슬개건 보호대 + 마사지볼: 블랙 한쪽,37,81400
2026-02,6379382624,바른요 허리보호대: L,1,0
2026-02,6379382624,바른요 허리보호대: M,1,0
2026-02,6379382624,바른요 허리보호대: S,1,0
2026-02,6379382624,바른요 허리보호대: XL,1,0
2026-02,6379382624,수량: 일자형 양쪽,711,3412800
2026-02,6379382624,수량: 일자형 한쪽,369,885600
2026-02,6379382624,팔꿈치 엘보 보호대 + 악력기: 블랙 한쪽,21,46200
2026-02,6520199353,수량: 양팔,24,60000
2026-02,6520199353,수량: 한팔,10,25000
2026-02,6520261103,바른요 허리보호대: L,1,0
2026-02,6520261103,방향: 오른쪽,85,382500
2026-02,6520261103,방향: 왼쪽,58,261000
2026-02,6520261103,엘보 보호대 + 악력기: 블랙 한쪽,4,0
2026-02,6520261103,쫀쫀 손목보호대 1쌍: 블랙,3,0
2026-02,6520307731,사이즈: L,5,12000
2026-02,6520307731,사이즈: M,7,16800
2026-02,6520479823,수량: 양팔,47,244400
2026-02,6520479823,수량: 한팔,85,221000
2026-02,6655032093,사이즈: L,48,374400
2026-02,6655032093,사이즈: M,28,218400
2026-02,6655032093,사이즈: XL,31,241800
2026-02,6966151134,색상: 블랙 / 사이즈: L(1p),7,0
2026-02,6966151134,색상: 블랙 / 사이즈: M(1p),2,4000
2026-02,6966151134,색상: 블랙 / 사이즈: XL(1p),4,8000
2026-02,7090326638,사이즈: M,3,0
2026-02,7414085924,수량: 오른쪽 / 사이즈: M,2,6400
2026-02,7414085924,수량: 오른쪽 / 사이즈: S,2,6400
2026-02,7414085924,수량: 왼쪽 / 사이즈: M,1,3200
2026-02,7414085924,수량: 왼쪽 / 사이즈: S,1,3200
2026-02,7457903992,컬러: 블랙 / 사이즈: L,9,66600
2026-02,7457903992,컬러: 블랙 / 사이즈: M,10,74000
2026-02,7457903992,컬러: 블랙 / 사이즈: S,3,22200
2026-02,7457903992,컬러: 아이보리 / 사이즈: S,1,7400
2026-02,7720884797,사이즈: L,3,0
2026-02,7720884797,사이즈: M,4,0
2026-02,8124456717,사이즈: L,5,0
2026-02,8124456717,사이즈: S,1,0
2026-02,8351363328,사이즈: 남성용 사이즈 L,6,0
2026-02,8351363328,사이즈: 여성용 사이즈 S,6,0
2026-02,8605463656,무릎 슬개건 보호대 + 마사지볼: 블랙 한쪽,4,4800
2026-02,8605463656,바른요 허리보호대: L,1,1200
2026-02,8605463656,색상: 그레이,57,68400
2026-02,8605463656,색상: 블랙,255,306000
2026-02,8605463656,색상: 핑크,22,26400
2026-02,8605463656,팔꿈치 엘보 보호대 + 악력기: 블랙 한팔,4,4800
2026-02,8643749105,수량: 1개 / 사이즈: M(무릎둘레 40~44),3,0
2026-02,8895292277,사이즈: L,12,97200
2026-02,8895292277,사이즈: M,9,72900
2026-02,8895292277,사이즈: S,5,40500
2026-02,8895292277,사이즈: XL,10,81000
2026-02,9046294613,사이즈: L / 수량: 양쪽,7,37800
2026-02,9046294613,사이즈: L / 수량: 한쪽,8,0
2026-02,9046294613,사이즈: M / 수량: 양쪽,20,108000
2026-02,9046294613,사이즈: M / 수량: 한쪽,5,13500
2026-02,9046294613,사이즈: XL / 수량: 양쪽,9,48600
2026-02,9046294613,사이즈: XL / 수량: 한쪽,4,0
2026-02,9529628729,사이즈: L,28,75600
2026-02,9529628729,사이즈: M,12,32400
2026-02,9608224404,사이즈: L,27,94500
2026-02,9608224404,사이즈: M,40,140000
2026-02,9921522776,TFCC 손목보호대: 1p,3,25020
2026-02,9921522776,TFCC 손목보호대: 2p,3,25020
2026-02,9921522776,사이즈: L,62,517080
2026-02,9921522776,사이즈: M,42,350280
2026-02,9921522776,사이즈: XL,64,533760
2026-02,9921522776,쫀쫀 엘보 보호대: 1p,1,8340
2026-02,9969330650,수량: 1p / 사이즈: L,2,0
2026-02,9969330650,수량: 1p / 사이즈: S,1,0
2026-02,9969330650,수량: 1p / 사이즈: XL,1,0
2026-02,9969330650,수량: 2p / 사이즈: L,1,0
2026-02,9969330650,수량: 2p / 사이즈: S,1,0
2026-02,9969330650,수량: 2p / 사이즈: XL,1,0
2026-03,10253686730,수량: 1p,4,10800
2026-03,10253686730,수량: 2p,9,48600
2026-03,11017176082,색상: 아이보리,2,0
2026-03,12774184689,수량: 1세트,11,49500
2026-03,12774184689,수량: 2세트,3,13500
2026-03,12956712644,사이즈: L / 수량: 1p,3,0
2026-03,12956712644,사이즈: L / 수량: 2p,24,129600
2026-03,12956712644,사이즈: M / 수량: 1p,10,0
2026-03,12956712644,사이즈: M / 수량: 2p,61,329400
2026-03,12956712644,사이즈: S / 수량: 1p,5,0
2026-03,12956712644,사이즈: S / 수량: 2p,18,97200
2026-03,12956712644,사이즈: XL / 수량: 1p,1,0
2026-03,12956712644,사이즈: XL / 수량: 2p,7,0
2026-03,13068920874,사이즈: L(250 ~ 275mm) / 수량: 1세트,9,4500
2026-03,13068920874,사이즈: L(250 ~ 275mm) / 수량: 2세트,14,7000
2026-03,13068920874,사이즈: M(225 ~ 245mm) / 수량: 1세트,11,5500
2026-03,13068920874,사이즈: M(225 ~ 245mm) / 수량: 2세트,9,4500
2026-03,4845158048,손목보호대 1쌍 + 마사지볼: 블랙,1,0
2026-03,4845158048,옵션: 양팔 블랙 상세페이지 링크로 구매시 사은품제공,6,0
2026-03,4845158048,옵션: 한팔 블랙 상세페이지 링크로 구매시 사은품제공,4,0
2026-03,4911599710,종류: 땅콩 / 컬러: 블랙,3,0
2026-03,4911599710,종류: 땅콩 / 컬러: 블루,1,0
2026-03,4911599710,종류: 땅콩 / 컬러: 핑크,2,0
2026-03,4911599710,종류: 싱글 / 컬러: 블랙,2,0
2026-03,4973726723,사이즈: 양쪽 L(250~270),15,40500
2026-03,4973726723,사이즈: 양쪽 M(225~245),10,27000
2026-03,5003259611,컬러: 레드,16,35200
2026-03,5003259611,컬러: 블루,43,94600
2026-03,5024717901,사이즈: L,62,465000
2026-03,5024717901,사이즈: M,39,292500
2026-03,5024717901,사이즈: XL,60,450000
2026-03,5024717901,슬개골 무릎 보호대 + 마사지볼: 레드 한쪽,2,15000
2026-03,5024717901,엘보 보호대 + 악력기: 블루 한팔,1,7500
2026-03,5299145323,사이즈: L,10,0
2026-03,5299145323,사이즈: M,4,0
2026-03,5355270179,,74,177600
2026-03,5355270179,중급 허리보호대 + 마사지볼: XL,1,2400
2026-03,5415180339,좌우 선택: 양쪽,4,8000
2026-03,5415180339,좌우 선택: 우,7,14000
2026-03,5415180339,좌우 선택: 좌,4,8000
2026-03,5524199797,바른요 허리보호대: L,1,2100
2026-03,5524199797,수량: 아치패드 1쌍 블랙 + 마사지볼,32,67200
2026-03,5524199797,수량: 아치패드 1쌍 스킨 + 마사지볼,58,121800
2026-03,5524199797,수량: 아치패드 2쌍 블랙 + 마사지볼,20,42000
2026-03,5524199797,수량: 아치패드 2쌍 블랙+ 스킨 + 마사지볼,21,44100
2026-03,5524199797,수량: 아치패드 2쌍 스킨 + 마사지볼,40,84000
2026-03,5524199797,쫀쫀 손목보호대 1쌍: 블랙,2,4200
2026-03,5567864358,손 방향: 양손 / 사이즈: L,1,0
2026-03,5567864358,손 방향: 오른손 / 사이즈: L,4,0
2026-03,5567864358,손 방향: 왼손 / 사이즈: L,2,0
2026-03,5595025105,수량: 1쌍 / 사이즈: L,2,9600
2026-03,5595025105,수량: 1쌍 / 사이즈: M,3,14400
2026-03,5595025105,수량: 1쌍 / 사이즈: S,5,24000
2026-03,5595025105,수량: 1쌍 / 사이즈: XL,2,9600
2026-03,5614734297,수량: 블랙 양쪽,125,725000
2026-03,5614734297,수량: 블랙 한쪽,18,52200
2026-03,5614734297,아치패드 + 마사지볼: 1쌍,2,0
2026-03,5614734297,쫀쫀 손목보호대: 블랙 1쌍,4,0
2026-03,5629504025,사이즈: L / 컬러: 레드,3,16800
2026-03,5629504025,사이즈: L / 컬러: 블랙,16,89600
2026-03,5629504025,사이즈: M / 컬러: 레드,2,11200
2026-03,5629504025,사이즈: M / 컬러: 블랙,5,28000
2026-03,5629504025,사이즈: XL / 컬러: 레드,3,16800
2026-03,5629504025,사이즈: XL / 컬러: 블랙,4,22400
2026-03,5629504025,손목보호대 1쌍 + 마사지볼: 블랙,1,5600
2026-03,5654660417,손목보호대 1쌍 + 악력기: 블랙,2,0
2026-03,5654660417,컬러: 블랙 / 수량: 양팔,18,97200
2026-03,5654660417,컬러: 블랙 / 수량: 한팔,23,96600
2026-03,5654660417,컬러: 블루 / 수량: 양팔,1,5400
2026-03,5654660417,컬러: 블루 / 수량: 한팔,1,4200
2026-03,5798987044,색상: 레드 양팔 + 마사지볼,4,14800
2026-03,5798987044,색상: 레드 양팔 + 악력기,1,3700
2026-03,5798987044,색상: 레드 한팔 + 마사지볼,3,6600
2026-03,5798987044,색상: 레드 한팔 + 악력기,1,2200
2026-03,5798987044,색상: 블랙 양팔 + 마사지볼,98,362600
2026-03,5798987044,색상: 블랙 양팔 + 악력기,50,185000
2026-03,5798987044,색상: 블랙 한팔 + 마사지볼,196,431200
2026-03,5798987044,색상: 블랙 한팔 + 악력기,51,112200
2026-03,5798987044,색상: 블루 양팔 + 마사지볼,4,14800
2026-03,5798987044,색상: 블루 양팔 + 악력기,4,14800
2026-03,5798987044,색상: 블루 한팔 + 마사지볼,4,8800
2026-03,5798987044,색상: 블루 한팔 + 악력기,2,4400
2026-03,5799070116,바른요 허리보호대: L,4,0
2026-03,5799070116,바른요 허리보호대: M,2,0
2026-03,5799070116,바른요 허리보호대: XL,3,0
2026-03,5799070116,색상: 레드 + 마사지볼 / 수량: 양쪽,46,170200
2026-03,5799070116,색상: 레드 + 마사지볼 / 수량: 한쪽,4,8800
2026-03,5799070116,색상: 블랙 + 마사지볼 / 수량: 양쪽,3003,11111100
2026-03,5799070116,색상: 블랙 + 마사지볼 / 수량: 한쪽,348,765600
2026-03,5799070116,색상: 블루 + 마사지볼 / 수량: 양쪽,87,321900
2026-03,5799070116,색상: 블루 + 마사지볼 / 수량: 한쪽,13,28600
2026-03,5799070116,아치업 깔창: L(250 ~ 275mm),111,55500
2026-03,5799070116,아치업 깔창: M(225 ~ 245mm),38,19000
2026-03,5799070116,쫀쫀 손목보호대: 블랙 1쌍,43,51600
2026-03,5815680678,컬러: 블랙 / 사이즈: L / 좌우: 오른쪽,1,3700
2026-03,5815680678,컬러: 블랙 / 사이즈: M / 좌우: 오른쪽,5,18500
2026-03,5815680678,컬러: 블랙 / 사이즈: M / 좌우: 왼쪽,7,25900
2026-03,5815680678,컬러: 블랙 / 사이즈: S / 좌우: 오른쪽,1,3700
2026-03,5815680678,컬러: 아이보리 / 사이즈: M / 좌우: 오른쪽,1,3700
2026-03,5815680678,컬러: 아이보리 / 사이즈: M / 좌우: 왼쪽,1,3700
2026-03,5968275643,사이즈: L,1,8000
2026-03,5968275643,사이즈: M,2,16000
2026-03,5968275643,사이즈: XL,3,24000
2026-03,5970351139,컬러: 블랙 / 수량: 양쪽,7,18900
2026-03,5970351139,컬러: 블랙 / 수량: 한쪽,5,13500
2026-03,6362662029,사이즈: 회색L,282,2115000
2026-03,6362662029,사이즈: 회색M,194,1455000
2026-03,6362662029,사이즈: 회색S,67,502500
2026-03,6362662029,사이즈: 회색XL,330,2475000
2026-03,6362662029,아치패드: 1쌍,6,45000
2026-03,6362662029,자바라 무릎보호대: 블랙 한쪽,22,165000
2026-03,6362662029,쫀쫀 손목보호대: 블랙 1쌍,19,142500
2026-03,6379382624,무릎 슬개건 보호대 + 마사지볼: 블랙 한쪽,36,79200
2026-03,6379382624,바른요 허리보호대: L,1,0
2026-03,6379382624,바른요 허리보호대: XL,3,0
2026-03,6379382624,수량: 일자형 양쪽,1004,4819200
2026-03,6379382624,수량: 일자형 한쪽,632,1516800
2026-03,6379382624,팔꿈치 엘보 보호대 + 악력기: 블랙 한쪽,30,66000
2026-03,6520199353,수량: 양팔,27,67500
2026-03,6520199353,수량: 한팔,18,45000
2026-03,6520261103,바른요 허리보호대: M,1,0
2026-03,6520261103,바른요 허리보호대: XL,1,0
2026-03,6520261103,방향: 오른쪽,21,94500
2026-03,6520261103,방향: 왼쪽,11,49500
2026-03,6520261103,수량: 1p,117,526500
2026-03,6520261103,수량: 2p,7,63000
2026-03,6520261103,엘보 보호대 + 악력기: 블랙 한쪽,2,0
2026-03,6520261103,쫀쫀 손목보호대 1쌍: 블랙,2,0
2026-03,6520307731,사이즈: L,10,24000
2026-03,6520307731,사이즈: M,9,21600
2026-03,6520479823,수량: 양팔,37,192400
2026-03,6520479823,수량: 한팔,45,117000
2026-03,6520546844,수량: 양쪽 / 색상: 핑크,3,0
2026-03,6655032093,사이즈: L,41,319800
2026-03,6655032093,사이즈: M,27,210600
2026-03,6655032093,사이즈: XL,41,319800
2026-03,6966151134,색상: 블랙 / 사이즈: L(1p),11,0
2026-03,6966151134,색상: 블랙 / 사이즈: M(1p),11,22000
2026-03,6966151134,색상: 블랙 / 사이즈: XL(1p),1,2000
2026-03,6966151134,색상: 화이트 / 사이즈: L(1p),1,0
2026-03,7090326638,사이즈: M,5,0
2026-03,7414085924,수량: 오른쪽 / 사이즈: M,7,22400
2026-03,7414085924,수량: 오른쪽 / 사이즈: S,5,16000
2026-03,7414085924,수량: 왼쪽 / 사이즈: M,6,19200
2026-03,7414085924,수량: 왼쪽 / 사이즈: S,3,9600
2026-03,7457903992,컬러: 블랙 / 사이즈: L,6,44400
2026-03,7457903992,컬러: 블랙 / 사이즈: M,12,88800
2026-03,7457903992,컬러: 블랙 / 사이즈: S,4,29600
2026-03,7457903992,컬러: 아이보리 / 사이즈: M,1,7400
2026-03,7720884797,사이즈: L,5,0
2026-03,7720884797,사이즈: M,1,0
2026-03,8124456717,사이즈: L,11,0
2026-03,8124456717,사이즈: S,3,0
2026-03,8351363328,사이즈: 여성용 사이즈 S,6,0
2026-03,8605463656,무릎 슬개건 보호대 + 마사지볼: 블랙 한쪽,8,9600
2026-03,8605463656,색상: 그레이,81,97200
2026-03,8605463656,색상: 블랙,338,405600
2026-03,8605463656,색상: 핑크,20,24000
2026-03,8605463656,팔꿈치 엘보 보호대 + 악력기: 블랙 한팔,9,10800
2026-03,8643749105,수량: 1개 / 사이즈: L(무릎둘레 44~48),2,0
2026-03,8643749105,수량: 1개 / 사이즈: M(무릎둘레 40~44),1,0
2026-03,8895292277,사이즈: L,37,299700
2026-03,8895292277,사이즈: M,31,251100
2026-03,8895292277,사이즈: S,12,97200
2026-03,8895292277,사이즈: XL,23,186300
2026-03,9046294613,사이즈: L / 수량: 양쪽,19,102600
2026-03,9046294613,사이즈: L / 수량: 한쪽,5,0
2026-03,9046294613,사이즈: M / 수량: 양쪽,20,108000
2026-03,9046294613,사이즈: M / 수량: 한쪽,13,35100
2026-03,9046294613,사이즈: XL / 수량: 양쪽,9,48600
2026-03,9046294613,사이즈: XL / 수량: 한쪽,3,0
2026-03,9529628729,사이즈: L,15,40500
2026-03,9529628729,사이즈: M,17,45900
2026-03,9608224404,사이즈: L,22,77000
2026-03,9608224404,사이즈: M,34,119000
2026-03,9921522776,TFCC 손목보호대: 1p,1,8340
2026-03,9921522776,TFCC 손목보호대: 2p,1,8340
2026-03,9921522776,사이즈: L,74,617160
2026-03,9921522776,사이즈: M,37,308580
2026-03,9921522776,사이즈: XL,79,658860
2026-03,9921522776,쫀쫀 엘보 보호대: 1p,2,16680
2026-03,9921522776,쫀쫀 엘보 보호대: 2p,1,8340
2026-03,9969330650,수량: 2p / 사이즈: S,1,0
2026-03,9969330650,수량: 2p / 사이즈: XL,2,0
2026-04,10253686730,수량: 1p,5,13500
2026-04,10253686730,수량: 2p,9,48600
2026-04,11017176082,색상: 라벤더,1,0
2026-04,11017176082,색상: 아이보리,1,0
2026-04,12774184689,수량: 1세트,7,31500
2026-04,12774184689,수량: 2세트,1,4500
2026-04,12956712644,사이즈: L / 수량: 1p,3,0
2026-04,12956712644,사이즈: L / 수량: 2p,13,70200
2026-04,12956712644,사이즈: M / 수량: 1p,6,0
2026-04,12956712644,사이즈: M / 수량: 2p,37,199800
2026-04,12956712644,사이즈: S / 수량: 1p,1,0
2026-04,12956712644,사이즈: S / 수량: 2p,15,81000
2026-04,12956712644,사이즈: XL / 수량: 2p,4,0
2026-04,13068920874,사이즈: L(250 ~ 275mm) / 수량: 1세트,11,5500
2026-04,13068920874,사이즈: L(250 ~ 275mm) / 수량: 2세트,20,10000
2026-04,13068920874,사이즈: M(225 ~ 245mm) / 수량: 1세트,11,5500
2026-04,13068920874,사이즈: M(225 ~ 245mm) / 수량: 2세트,13,6500
2026-04,13357149715,✅ 족부 아치 깔창 1쌍: L(250~275mm),5,0
2026-04,13357149715,✅미국 FDA 인증 바르는 무릎 파스: 롤형,1,0
2026-04,13357149715,✅미국 FDA 인증 바르는 무릎 파스: 튜브형,1,0
2026-04,13357149715,방향: 양쪽(1set) / 사이즈: L,35,420000
2026-04,13357149715,방향: 양쪽(1set) / 사이즈: M,97,1067000
2026-04,13357149715,방향: 오른쪽 / 사이즈: L,13,0
2026-04,13357149715,방향: 오른쪽 / 사이즈: M,24,0
2026-04,13357149715,방향: 왼쪽 / 사이즈: L,14,0
2026-04,13357149715,방향: 왼쪽 / 사이즈: M,15,0
2026-04,13397438952,색상: 오리지널 Pre-Cut 블랙(00299),1,0
2026-04,13402813253,타입: 롤온형(3oz),4,48000
2026-04,13402813253,타입: 튜브형(4oz),1,12000
2026-04,4845158048,바른요 허리보호대: L,1,0
2026-04,4845158048,슬개건 무릎 보호대 + 마사지볼: 블랙 한쪽,1,0
2026-04,4845158048,옵션: 양팔 블랙 상세페이지 링크로 구매시 사은품제공,2,0
2026-04,4845158048,옵션: 한팔 블랙 상세페이지 링크로 구매시 사은품제공,3,0
2026-04,4911599710,종류: 땅콩 / 컬러: 그린,3,0
2026-04,4911599710,종류: 땅콩 / 컬러: 블랙,2,0
2026-04,4911599710,종류: 싱글 / 컬러: 핑크,1,0
2026-04,4973726723,사이즈: 양쪽 L(250~270),15,40500
2026-04,4973726723,사이즈: 양쪽 M(225~245),12,32400
2026-04,5003259611,엘보 팔꿈치 보호대 + 악력기: 블랙 한쪽,2,0
2026-04,5003259611,컬러: 레드,13,28600
2026-04,5003259611,컬러: 블루,33,72600
2026-04,5024717901,사이즈: L,50,375000
2026-04,5024717901,사이즈: M,21,157500
2026-04,5024717901,사이즈: XL,40,300000
2026-04,5299145323,사이즈: L,2,0
2026-04,5299145323,사이즈: M,5,0
2026-04,5355270179,,74,177600
2026-04,5355270179,중급 허리보호대 + 마사지볼: XL,1,2400
2026-04,5415180339,좌우 선택: 양쪽,2,4000
2026-04,5415180339,좌우 선택: 우,1,2000
2026-04,5415180339,좌우 선택: 좌,4,8000
2026-04,5524199797,바른요 허리보호대: M,1,2100
2026-04,5524199797,바른요 허리보호대: XL,1,2100
2026-04,5524199797,수량: 아치패드 1쌍 블랙 + 마사지볼,41,86100
2026-04,5524199797,수량: 아치패드 1쌍 스킨 + 마사지볼,84,176400
2026-04,5524199797,수량: 아치패드 2쌍 블랙 + 마사지볼,24,50400
2026-04,5524199797,수량: 아치패드 2쌍 블랙+ 스킨 + 마사지볼,20,42000
2026-04,5524199797,수량: 아치패드 2쌍 스킨 + 마사지볼,37,77700
2026-04,5524199797,슬개건 무릎 보호대 + 마사지볼: 블랙 한쪽,8,16800
2026-04,5524199797,쫀쫀 손목보호대 1쌍: 블랙,3,6300
2026-04,5567864358,손 방향: 양손 / 사이즈: L,4,0
2026-04,5567864358,손 방향: 오른손 / 사이즈: L,3,0
2026-04,5567864358,손 방향: 왼손 / 사이즈: L,1,0
2026-04,5595025105,손목보호대 1쌍 + 마사지볼: 블랙,2,9600
2026-04,5595025105,수량: 1쌍 / 사이즈: L,7,33600
2026-04,5595025105,수량: 1쌍 / 사이즈: M,20,96000
2026-04,5595025105,수량: 1쌍 / 사이즈: S,10,48000
2026-04,5595025105,수량: 1쌍 / 사이즈: XL,1,4800
2026-04,5595025105,테니스 엘보 보호대 + 악력기: 블랙 한쪽,2,9600
2026-04,5614734297,바른요 허리보호대: XL,1,0
2026-04,5614734297,수량: 블랙 양쪽,105,609000
2026-04,5614734297,수량: 블랙 한쪽,16,46400
2026-04,5614734297,아치패드 + 마사지볼: 1쌍,2,0
2026-04,5614734297,쫀쫀 손목보호대: 블랙 1쌍,1,0
2026-04,5629504025,사이즈: L / 컬러: 블랙,12,67200
2026-04,5629504025,사이즈: M / 컬러: 레드,1,5600
2026-04,5629504025,사이즈: M / 컬러: 블랙,12,67200
2026-04,5629504025,사이즈: XL / 컬러: 블랙,7,39200
2026-04,5654660417,손목보호대 1쌍 + 악력기: 블랙,1,0
2026-04,5654660417,컬러: 블랙 / 수량: 양팔,21,113400
2026-04,5654660417,컬러: 블랙 / 수량: 한팔,16,67200
2026-04,5654660417,컬러: 블루 / 수량: 한팔,3,12600
2026-04,5798987044,색상: 레드 양팔 + 마사지볼,5,18500
2026-04,5798987044,색상: 레드 양팔 + 악력기,2,7400
2026-04,5798987044,색상: 레드 한팔 + 마사지볼,3,6600
2026-04,5798987044,색상: 레드 한팔 + 악력기,6,13200
2026-04,5798987044,색상: 블랙 양팔 + 마사지볼,88,325600
2026-04,5798987044,색상: 블랙 양팔 + 악력기,23,85100
2026-04,5798987044,색상: 블랙 한팔 + 마사지볼,156,343200
2026-04,5798987044,색상: 블랙 한팔 + 악력기,55,121000
2026-04,5798987044,색상: 블루 양팔 + 마사지볼,6,22200
2026-04,5798987044,색상: 블루 양팔 + 악력기,1,3700
2026-04,5798987044,색상: 블루 한팔 + 마사지볼,10,22000
2026-04,5798987044,색상: 블루 한팔 + 악력기,5,11000
2026-04,5798987044,추가 찍찍이 스트랩: 블랙 1쌍,16,0
2026-04,5799070116,✅ 족부 아치 깔창 1쌍: L(250~275mm),12,6000
2026-04,5799070116,✅ 족부 아치 깔창 1쌍: M(225~245mm),14,7000
2026-04,5799070116,✅미국 FDA 인증 바르는 무릎 파스: 롤형,6,0
2026-04,5799070116,✅미국 FDA 인증 바르는 무릎 파스: 튜브형,7,0
2026-04,5799070116,⭐올림픽 공식 스포츠 테이핑: 베이지,1,0
2026-04,5799070116,⭐올림픽 공식 스포츠 테이핑: 블랙,1,0
2026-04,5799070116,⭐추가용 찍찍이 스트랩: 블랙 1쌍,23,16100
2026-04,5799070116,바른요 허리보호대: L,2,0
2026-04,5799070116,바른요 허리보호대: M,1,0
2026-04,5799070116,바른요 허리보호대: XL,1,0
2026-04,5799070116,색상: 레드 + 마사지볼 / 수량: 양쪽,43,159100
2026-04,5799070116,색상: 레드 + 마사지볼 / 수량: 한쪽,5,11000
2026-04,5799070116,색상: 블랙 + 마사지볼 / 수량: 양쪽,2790,10323000
2026-04,5799070116,색상: 블랙 + 마사지볼 / 수량: 한쪽,328,721600
2026-04,5799070116,색상: 블루 + 마사지볼 / 수량: 양쪽,82,303400
2026-04,5799070116,색상: 블루 + 마사지볼 / 수량: 한쪽,5,11000
2026-04,5799070116,아치 깔창 1쌍: L(250~275mm),40,0
2026-04,5799070116,아치 깔창 1쌍: M(225~245mm),23,0
2026-04,5799070116,아치업 깔창: L(250 ~ 275mm),42,21000
2026-04,5799070116,아치업 깔창: M(225 ~ 245mm),26,13000
2026-04,5799070116,쫀쫀 손목보호대: 블랙 1쌍,29,34800
2026-04,5799070116,추가용 찍찍이 스트랩: 블랙 1쌍,169,118300
2026-04,5815680678,컬러: 블랙 / 사이즈: L / 좌우: 왼쪽,2,7400
2026-04,5815680678,컬러: 블랙 / 사이즈: M / 좌우: 오른쪽,5,18500
2026-04,5815680678,컬러: 블랙 / 사이즈: M / 좌우: 왼쪽,3,11100
2026-04,5815680678,컬러: 블랙 / 사이즈: S / 좌우: 오른쪽,4,14800
2026-04,5815680678,컬러: 블랙 / 사이즈: S / 좌우: 왼쪽,3,11100
2026-04,5815680678,컬러: 아이보리 / 사이즈: L / 좌우: 오른쪽,1,3700
2026-04,5815680678,컬러: 아이보리 / 사이즈: S / 좌우: 오른쪽,1,3700
2026-04,5815680678,컬러: 아이보리 / 사이즈: S / 좌우: 왼쪽,1,3700
2026-04,5968275643,사이즈: L,2,16000
2026-04,5968275643,사이즈: M,1,8000
2026-04,5968275643,사이즈: XL,4,32000
2026-04,5970351139,컬러: 블랙 / 수량: 양쪽,29,78300
2026-04,5970351139,컬러: 블랙 / 수량: 한쪽,3,8100
2026-04,5970351139,컬러: 핑크 / 수량: 양쪽,2,5400
2026-04,5970351139,컬러: 핑크 / 수량: 한쪽,1,2700
2026-04,6362662029,✅ 골반 아치 깔창 1쌍: M(225~245mm),2,15000
2026-04,6362662029,✅미국 FDA 인증 바르는 허리 파스: 롤형,1,7500
2026-04,6362662029,✅미국 FDA 인증 바르는 허리 파스: 밀포드 메디겔,1,7500
2026-04,6362662029,✅미국 FDA 인증 바르는 허리 파스: 튜브형,2,15000
2026-04,6362662029,사이즈: 회색L,222,1665000
2026-04,6362662029,사이즈: 회색M,129,967500
2026-04,6362662029,사이즈: 회색S,33,247500
2026-04,6362662029,사이즈: 회색XL,234,1755000
2026-04,6362662029,아치패드: 1쌍,2,15000
2026-04,6362662029,자바라 무릎보호대: 블랙 한쪽,4,30000
2026-04,6362662029,쫀쫀 손목보호대: 블랙 1쌍,5,37500
2026-04,6379382624,✅미국 FDA 인증 바르는 손목 파스: 롤형,2,0
2026-04,6379382624,✅미국 FDA 인증 바르는 손목 파스: 튜브형,1,0
2026-04,6379382624,⭐올림픽 공식 스포츠 테이핑: 블랙,1,0
2026-04,6379382624,무릎 슬개건 보호대 + 마사지볼: 블랙 한쪽,18,39600
2026-04,6379382624,수량: 일자형 양쪽,736,3532800
2026-04,6379382624,수량: 일자형 한쪽,612,1468800
2026-04,6379382624,팔꿈치 엘보 보호대 + 악력기: 블랙 한쪽,25,55000
2026-04,6520199353,수량: 양팔,17,42500
2026-04,6520199353,수량: 한팔,8,20000
2026-04,6520261103,바른요 허리보호대: M,1,0
2026-04,6520261103,수량: 1p,134,603000
2026-04,6520261103,수량: 2p,13,117000
2026-04,6520261103,엘보 보호대 + 악력기: 블랙 한쪽,5,0
2026-04,6520261103,쫀쫀 손목보호대 1쌍: 블랙,5,0
2026-04,6520307731,사이즈: L,11,26400
2026-04,6520307731,사이즈: M,16,38400
2026-04,6520479823,수량: 양팔,34,176800
2026-04,6520479823,수량: 한팔,38,98800
2026-04,6520546844,수량: 양쪽 / 색상: 핑크,3,0
2026-04,6655032093,사이즈: L,36,280800
2026-04,6655032093,사이즈: M,14,109200
2026-04,6655032093,사이즈: XL,29,226200
2026-04,6966151134,색상: 블랙 / 사이즈: L(1p),17,0
2026-04,6966151134,색상: 블랙 / 사이즈: M(1p),9,18000
2026-04,6966151134,색상: 블랙 / 사이즈: XL(1p),8,16000
2026-04,6966151134,색상: 화이트 / 사이즈: M(1p),3,6000
2026-04,7090326638,사이즈: M,10,0
2026-04,7414085924,수량: 오른쪽 / 사이즈: M,3,9600
2026-04,7414085924,수량: 오른쪽 / 사이즈: S,1,3200
2026-04,7414085924,수량: 왼쪽 / 사이즈: M,2,6400
2026-04,7414085924,수량: 왼쪽 / 사이즈: S,4,12800
2026-04,7457903992,컬러: 블랙 / 사이즈: L,3,22200
2026-04,7457903992,컬러: 블랙 / 사이즈: M,5,37000
2026-04,7457903992,컬러: 블랙 / 사이즈: S,5,37000
2026-04,7457903992,컬러: 아이보리 / 사이즈: L,3,22200
2026-04,7720884797,사이즈: L,6,0
2026-04,7720884797,사이즈: M,7,0
2026-04,8124456717,사이즈: L,6,0
2026-04,8124456717,사이즈: S,2,0
2026-04,8351363328,사이즈: 남성용 사이즈 L,8,0
2026-04,8351363328,사이즈: 여성용 사이즈 S,6,0
2026-04,8605463656,⭐올림픽 공식 스포츠 테이핑: 베이지,1,1200
2026-04,8605463656,무릎 슬개건 보호대 + 마사지볼: 블랙 한쪽,4,4800
2026-04,8605463656,색상: 그레이,36,43200
2026-04,8605463656,색상: 블랙,263,315600
2026-04,8605463656,색상: 핑크,10,12000
2026-04,8605463656,팔꿈치 엘보 보호대 + 악력기: 블랙 한팔,1,1200
2026-04,8643749105,수량: 1개 / 사이즈: L(무릎둘레 44~48),1,0
2026-04,8643749105,수량: 1개 / 사이즈: M(무릎둘레 40~44),1,0
2026-04,8895292277,사이즈: L,42,340200
2026-04,8895292277,사이즈: M,38,307800
2026-04,8895292277,사이즈: S,11,89100
2026-04,8895292277,사이즈: XL,26,210600
2026-04,9046294613,사이즈: L / 수량: 양쪽,21,113400
2026-04,9046294613,사이즈: L / 수량: 한쪽,8,0
2026-04,9046294613,사이즈: M / 수량: 양쪽,29,156600
2026-04,9046294613,사이즈: M / 수량: 한쪽,11,29700
2026-04,9046294613,사이즈: XL / 수량: 양쪽,6,32400
2026-04,9046294613,사이즈: XL / 수량: 한쪽,6,0
2026-04,9046294613,쫀쫀 손목보호대: 블랙,2,0
2026-04,9529628729,사이즈: L,24,64800
2026-04,9529628729,사이즈: M,11,29700
2026-04,9608224404,사이즈: L,29,101500
2026-04,9608224404,사이즈: M,49,171500
2026-04,9921522776,사이즈: L,64,533760
2026-04,9921522776,사이즈: M,34,283560
2026-04,9921522776,사이즈: XL,32,266880
2026-04,9969330650,수량: 1p / 사이즈: S,1,0
2026-04,9969330650,수량: 1p / 사이즈: XL,1,0
2026-04,9969330650,수량: 2p / 사이즈: S,1,0
2026-05,10253686730,수량: 1p,6,16200
2026-05,10253686730,수량: 2p,10,54000
2026-05,11017176082,색상: 라벤더,1,0
2026-05,11017176082,색상: 아이보리,1,0
2026-05,12774184689,수량: 1세트,7,31500
2026-05,12956712644,사이즈: L / 수량: 1p,2,0
2026-05,12956712644,사이즈: L / 수량: 2p,13,70200
2026-05,12956712644,사이즈: M / 수량: 1p,4,0
2026-05,12956712644,사이즈: M / 수량: 2p,39,210600
2026-05,12956712644,사이즈: S / 수량: 1p,1,0
2026-05,12956712644,사이즈: S / 수량: 2p,10,54000
2026-05,12956712644,사이즈: XL / 수량: 2p,1,0
2026-05,13068920874,사이즈: L(250 ~ 275mm) / 수량: 1세트,28,14000
2026-05,13068920874,사이즈: M(225 ~ 245mm) / 수량: 1세트,30,15000
2026-05,13357149715,✅ 족부 아치 깔창 1쌍: L(250~275mm),3,0
2026-05,13357149715,✅ 족부 아치 깔창 1쌍: M(225~245mm),7,0
2026-05,13357149715,⭐마사지볼(사용권장): 블랙,5,0
2026-05,13357149715,방향: 양쪽(1set) / 사이즈: L,49,588000
2026-05,13357149715,방향: 양쪽(1set) / 사이즈: M,89,979000
2026-05,13357149715,방향: 오른쪽 / 사이즈: L,4,0
2026-05,13357149715,방향: 오른쪽 / 사이즈: M,10,0
2026-05,13357149715,방향: 왼쪽 / 사이즈: L,5,0
2026-05,13357149715,방향: 왼쪽 / 사이즈: M,10,0
2026-05,13397438952,색상: 오리지널 Pre-Cut 라임(00225),1,0
2026-05,13397438952,색상: 오리지널 Pre-Cut 베이지(00298),1,0
2026-05,13402813253,타입: 롤온형(3oz),5,60000
2026-05,13402813253,타입: 튜브형(4oz),2,24000
2026-05,13436457523,,6,0
2026-05,13462521558,,1,0
2026-05,13462976266,,1,0
2026-05,4845158048,옵션: 양팔 블랙 상세페이지 링크로 구매시 사은품제공,4,0
2026-05,4845158048,옵션: 한팔 블랙 상세페이지 링크로 구매시 사은품제공,2,0
2026-05,4911599710,요가링: 하드 옐로우,1,0
2026-05,4911599710,종류: 땅콩 / 컬러: 그린,12,0
2026-05,4911599710,종류: 땅콩 / 컬러: 블랙,2,0
2026-05,4911599710,종류: 땅콩 / 컬러: 블루,1,0
2026-05,4911599710,종류: 땅콩 / 컬러: 핑크,2,0
2026-05,4911599710,종류: 싱글 / 컬러: 블랙,2,0
2026-05,4973726723,사이즈: 양쪽 L(250~270),17,45900
2026-05,4973726723,사이즈: 양쪽 M(225~245),15,40500
2026-05,4973726723,손목 보호대 1쌍 + 마사지볼: 블랙,1,2700
2026-05,4973726723,테니스 엘보 보호대 + 악력기: 블랙 한팔,2,5400
2026-05,5003259611,엘보 팔꿈치 보호대 + 악력기: 블랙 한쪽,1,0
2026-05,5003259611,컬러: 레드,18,39600
2026-05,5003259611,컬러: 블루,66,145200
2026-05,5024717901,사이즈: L,131,982500
2026-05,5024717901,사이즈: M,37,277500
2026-05,5024717901,사이즈: XL,106,795000
2026-05,5299145323,사이즈: L,6,0
2026-05,5299145323,사이즈: M,3,0
2026-05,5299145323,슬개건 무릎보호대 + 마사지볼: 블랙 한쪽,1,0
2026-05,5355270179,,74,177600
2026-05,5415180339,좌우 선택: 양쪽,1,2000
2026-05,5415180339,좌우 선택: 우,2,4000
2026-05,5415180339,좌우 선택: 좌,1,2000
2026-05,5524199797,수량: 아치패드 1쌍 블랙 + 마사지볼,38,79800
2026-05,5524199797,수량: 아치패드 1쌍 스킨 + 마사지볼,69,144900
2026-05,5524199797,수량: 아치패드 2쌍 블랙 + 마사지볼,24,50400
2026-05,5524199797,수량: 아치패드 2쌍 블랙+ 스킨 + 마사지볼,22,46200
2026-05,5524199797,수량: 아치패드 2쌍 스킨 + 마사지볼,39,81900
2026-05,5524199797,슬개건 무릎 보호대 + 마사지볼: 블랙 한쪽,5,10500
2026-05,5524199797,쫀쫀 손목보호대 1쌍: 블랙,2,4200
2026-05,5567864358,손 방향: 양손 / 사이즈: L,2,0
2026-05,5567864358,손 방향: 오른손 / 사이즈: L,4,0
2026-05,5567864358,손 방향: 왼손 / 사이즈: L,2,0
2026-05,5595025105,수량: 1쌍 / 사이즈: L,8,38400
2026-05,5595025105,수량: 1쌍 / 사이즈: M,9,43200
2026-05,5595025105,수량: 1쌍 / 사이즈: S,5,24000
2026-05,5595025105,수량: 1쌍 / 사이즈: XL,2,9600
2026-05,5614734297,수량: 블랙 양쪽,170,986000
2026-05,5614734297,수량: 블랙 한쪽,22,63800
2026-05,5614734297,아치패드 + 마사지볼: 1쌍,1,0
2026-05,5614734297,쫀쫀 손목보호대: 블랙 1쌍,1,0
2026-05,5629504025,사이즈: L / 컬러: 블랙,9,50400
2026-05,5629504025,사이즈: M / 컬러: 블랙,7,39200
2026-05,5629504025,사이즈: XL / 컬러: 레드,2,11200
2026-05,5629504025,사이즈: XL / 컬러: 블랙,3,16800
2026-05,5629504025,손목보호대 1쌍 + 마사지볼: 블랙,1,5600
2026-05,5654660417,컬러: 블랙 / 수량: 양팔,9,48600
2026-05,5654660417,컬러: 블랙 / 수량: 한팔,12,50400
2026-05,5654660417,컬러: 블루 / 수량: 한팔,1,4200
2026-05,5798987044,✅미국 FDA 인증 바르는 엘보 파스: 튜브형,1,0
2026-05,5798987044,✅테니스엘보 운동 A형 악력기: 블랙,11,0
2026-05,5798987044,⭐미국 FDA 인증 바르는 엘보 파스: 롤형,1,0
2026-05,5798987044,⭐엘보 전완 비틀기 운동 도구: 블랙(10LB),8,0
2026-05,5798987044,⭐올림픽 공식 스포츠 테이핑: 블루,1,0
2026-05,5798987044,⭐추가용 찍찍이 스트랩: 블랙,41,28700
2026-05,5798987044,색상: 레드 양팔 + 마사지볼,8,29600
2026-05,5798987044,색상: 레드 한팔 + 마사지볼,5,11000
2026-05,5798987044,색상: 블랙 양팔 + 마사지볼,184,680800
2026-05,5798987044,색상: 블랙 한팔 + 마사지볼,319,701800
2026-05,5798987044,색상: 블루 양팔 + 마사지볼,7,25900
2026-05,5798987044,색상: 블루 한팔 + 마사지볼,12,26400
2026-05,5798987044,추가 찍찍이 스트랩: 블랙 1쌍,1,0
2026-05,5799070116,✅ 족부 아치 깔창 1쌍: L(250~275mm),112,56000
2026-05,5799070116,✅ 족부 아치 깔창 1쌍: M(225~245mm),74,37000
2026-05,5799070116,✅미국 FDA 인증 바르는 무릎 파스: 롤형,11,0
2026-05,5799070116,✅미국 FDA 인증 바르는 무릎 파스: 튜브형,8,0
2026-05,5799070116,⭐추가용 찍찍이 스트랩: 블랙 1쌍,264,184800
2026-05,5799070116,색상: 레드 + 마사지볼 / 수량: 양쪽,32,118400
2026-05,5799070116,색상: 레드 + 마사지볼 / 수량: 한쪽,5,11000
2026-05,5799070116,색상: 블랙 + 마사지볼 / 수량: 양쪽,2964,10966800
2026-05,5799070116,색상: 블랙 + 마사지볼 / 수량: 한쪽,338,743600
2026-05,5799070116,색상: 블루 + 마사지볼 / 수량: 양쪽,86,318200
2026-05,5799070116,색상: 블루 + 마사지볼 / 수량: 한쪽,12,26400
2026-05,5815680678,컬러: 블랙 / 사이즈: L / 좌우: 오른쪽,6,22200
2026-05,5815680678,컬러: 블랙 / 사이즈: L / 좌우: 왼쪽,4,14800
2026-05,5815680678,컬러: 블랙 / 사이즈: M / 좌우: 오른쪽,6,22200
2026-05,5815680678,컬러: 블랙 / 사이즈: M / 좌우: 왼쪽,5,18500
2026-05,5815680678,컬러: 블랙 / 사이즈: S / 좌우: 오른쪽,5,18500
2026-05,5815680678,컬러: 블랙 / 사이즈: S / 좌우: 왼쪽,5,18500
2026-05,5968275643,사이즈: L,3,24000
2026-05,5968275643,사이즈: M,3,24000
2026-05,5968275643,사이즈: XL,5,40000
2026-05,5970351139,컬러: 블랙 / 수량: 양쪽,7,18900
2026-05,5970351139,컬러: 블랙 / 수량: 한쪽,4,10800
2026-05,5970351139,컬러: 핑크 / 수량: 한쪽,1,2700
2026-05,6362662029,✅ 골반 아치 깔창 1쌍: L(250~275mm),28,210000
2026-05,6362662029,✅ 골반 아치 깔창 1쌍: M(225~245mm),23,172500
2026-05,6362662029,✅미국 FDA 인증 바르는 허리 파스: 롤형,3,22500
2026-05,6362662029,✅미국 FDA 인증 바르는 허리 파스: 튜브형,4,30000
2026-05,6362662029,사이즈: 회색L,301,2257500
2026-05,6362662029,사이즈: 회색M,177,1327500
2026-05,6362662029,사이즈: 회색S,43,322500
2026-05,6362662029,사이즈: 회색XL,265,1987500
2026-05,6379382624,✅미국 FDA 인증 바르는 손목 파스: 롤형,6,0
2026-05,6379382624,✅손목 전완 운동 플러서바: 블랙(10LB),3,0
2026-05,6379382624,⭐손목 운동 A형 악력기: 블랙,17,0
2026-05,6379382624,⭐올림픽 공식 스포츠 테이핑: 블랙,2,0
2026-05,6379382624,수량: 일자형 양쪽,582,2793600
2026-05,6379382624,수량: 일자형 한쪽,417,1000800
2026-05,6520261103,수량: 1p,207,931500
2026-05,6520261103,수량: 2p,22,198000
2026-05,6520261103,엘보 보호대 + 악력기: 블랙 한쪽,5,0
2026-05,6520261103,쫀쫀 손목보호대 1쌍: 블랙,4,0
2026-05,6520307731,사이즈: L,6,14400
2026-05,6520307731,사이즈: M,9,21600
2026-05,6520479823,✅미국 FDA 인증 바르는 엘보 파스: 롤형,1,0
2026-05,6520479823,수량: 양팔,108,561600
2026-05,6520479823,수량: 한팔,36,93600
2026-05,6520546844,수량: 양쪽 / 색상: 핑크,1,0
2026-05,6655032093,사이즈: L,45,351000
2026-05,6655032093,사이즈: M,20,156000
2026-05,6655032093,사이즈: XL,10,78000
2026-05,6966151134,색상: 블랙 / 사이즈: L(1p),9,0
2026-05,6966151134,색상: 블랙 / 사이즈: M(1p),11,22000
2026-05,6966151134,색상: 블랙 / 사이즈: XL(1p),7,14000
2026-05,6966151134,색상: 화이트 / 사이즈: M(1p),2,4000
2026-05,7090326638,사이즈: M,8,0
2026-05,7414085924,수량: 오른쪽 / 사이즈: M,8,25600
2026-05,7414085924,수량: 오른쪽 / 사이즈: S,3,9600
2026-05,7414085924,수량: 왼쪽 / 사이즈: M,6,19200
2026-05,7414085924,수량: 왼쪽 / 사이즈: S,1,3200
2026-05,7457903992,컬러: 블랙 / 사이즈: L,9,66600
2026-05,7457903992,컬러: 블랙 / 사이즈: M,6,44400
2026-05,7457903992,컬러: 블랙 / 사이즈: S,6,44400
2026-05,7457903992,컬러: 아이보리 / 사이즈: M,1,7400
2026-05,7720884797,사이즈: L,5,0
2026-05,7720884797,사이즈: M,1,0
2026-05,8124456717,사이즈: L,8,0
2026-05,8124456717,사이즈: S,4,0
2026-05,8351363328,사이즈: 남성용 사이즈 L,13,0
2026-05,8351363328,사이즈: 여성용 사이즈 S,10,0
2026-05,8605463656,✅미국 FDA 인증 바르는 손목 파스: 롤형,1,1200
2026-05,8605463656,✅손목 전완근 운동 플렉서바: 블랙(10LB),1,1200
2026-05,8605463656,⭐손목운동 A형 악력기: 블랙,5,6000
2026-05,8605463656,⭐올림픽 공식 스포츠 테이핑: 블랙,1,1200
2026-05,8605463656,색상: 그레이,74,88800
2026-05,8605463656,색상: 블랙,349,418800
2026-05,8605463656,색상: 핑크,24,28800
2026-05,8643749105,수량: 1개 / 사이즈: L(무릎둘레 44~48),1,0
2026-05,8895292277,사이즈: L,33,267300
2026-05,8895292277,사이즈: M,34,275400
2026-05,8895292277,사이즈: S,10,81000
2026-05,8895292277,사이즈: XL,33,267300
2026-05,9046294613,사이즈: L / 수량: 양쪽,21,113400
2026-05,9046294613,사이즈: L / 수량: 한쪽,13,0
2026-05,9046294613,사이즈: M / 수량: 양쪽,23,124200
2026-05,9046294613,사이즈: M / 수량: 한쪽,9,24300
2026-05,9046294613,사이즈: XL / 수량: 양쪽,12,64800
2026-05,9046294613,사이즈: XL / 수량: 한쪽,4,0
2026-05,9046294613,쫀쫀 손목보호대: 블랙,2,0
2026-05,9529628729,사이즈: L,33,89100
2026-05,9529628729,사이즈: M,10,27000
2026-05,9608224404,사이즈: L,28,98000
2026-05,9608224404,사이즈: M,30,105000
2026-05,9921522776,✅ 골반 족부 아치 깔창 1쌍: L(250~275mm),4,33360
2026-05,9921522776,✅ 골반 족부 아치 깔창 1쌍: M(225~245MM),3,25020
2026-05,9921522776,✅미국 FDA 인증 바르는 허리 파스: 롤형,2,16680
2026-05,9921522776,사이즈: L,51,425340
2026-05,9921522776,사이즈: M,22,183480
2026-05,9921522776,사이즈: XL,65,542100
2026-06,10253686730,수량: 1p,3,8100
2026-06,10253686730,수량: 2p,8,43200
2026-06,11017176082,색상: 아이보리,2,0
2026-06,12774184689,수량: 1세트,13,58500
2026-06,12774184689,수량: 2세트,2,9000
2026-06,12956712644,사이즈: L / 수량: 1p,3,0
2026-06,12956712644,사이즈: L / 수량: 2p,13,70200
2026-06,12956712644,사이즈: M / 수량: 1p,8,0
2026-06,12956712644,사이즈: M / 수량: 2p,56,302400
2026-06,12956712644,사이즈: S / 수량: 1p,1,0
2026-06,12956712644,사이즈: S / 수량: 2p,25,135000
2026-06,12956712644,사이즈: XL / 수량: 1p,3,0
2026-06,12956712644,사이즈: XL / 수량: 2p,5,0
2026-06,13068920874,사이즈: L(250 ~ 275mm) / 수량: 1세트,21,10500
2026-06,13068920874,사이즈: M(225 ~ 245mm) / 수량: 1세트,19,9500
2026-06,13357149715,✅ 족부 아치 깔창 1쌍: L(250~275mm),5,0
2026-06,13357149715,✅ 족부 아치 깔창 1쌍: M(225~245mm),4,0
2026-06,13357149715,✅미국 FDA 인증 바르는 무릎 파스: 롤형,2,0
2026-06,13357149715,⭐마사지볼(사용권장): 블랙,12,0
2026-06,13357149715,방향: 양쪽(1set) / 사이즈: L,31,372000
2026-06,13357149715,방향: 양쪽(1set) / 사이즈: M,79,869000
2026-06,13357149715,방향: 오른쪽 / 사이즈: L,8,0
2026-06,13357149715,방향: 오른쪽 / 사이즈: M,17,0
2026-06,13357149715,방향: 왼쪽 / 사이즈: L,5,0
2026-06,13357149715,방향: 왼쪽 / 사이즈: M,10,0
2026-06,13402813253,타입: 롤온형(3oz),4,48000
2026-06,13402813253,타입: 튜브형(4oz),2,24000
2026-06,13436457523,,16,0
2026-06,13462493161,,3,6000
2026-06,13462976266,,1,0
2026-06,4845158048,옵션: 양팔 블랙 상세페이지 링크로 구매시 사은품제공,4,0
2026-06,4845158048,옵션: 한팔 블랙 상세페이지 링크로 구매시 사은품제공,4,0
2026-06,4911599710,종류: 땅콩 / 컬러: 그린,2,0
2026-06,4911599710,종류: 땅콩 / 컬러: 블랙,8,0
2026-06,4911599710,종류: 땅콩 / 컬러: 블루,1,0
2026-06,4911599710,종류: 땅콩 / 컬러: 핑크,4,0
2026-06,4911599710,종류: 싱글 / 컬러: 블랙,28,0
2026-06,4911599710,종류: 싱글 / 컬러: 블루,1,0
2026-06,4911599710,종류: 싱글 / 컬러: 핑크,1,0
2026-06,4973726723,사이즈: 양쪽 L(250~270),14,37800
2026-06,4973726723,사이즈: 양쪽 M(225~245),12,32400
2026-06,4973726723,손목 보호대 1쌍 + 마사지볼: 블랙,1,2700
2026-06,5003259611,엘보 팔꿈치 보호대 + 악력기: 블랙 한쪽,1,0
2026-06,5003259611,컬러: 레드,14,30800
2026-06,5003259611,컬러: 블루,62,136400
2026-06,5024717901,✅미국 FDA 인증 바르는 허리 파스: 롤형,1,7500
2026-06,5024717901,사이즈: L,164,1230000
2026-06,5024717901,사이즈: M,207,1552500
2026-06,5024717901,사이즈: XL,130,975000
2026-06,5299145323,사이즈: L,4,0
2026-06,5299145323,사이즈: M,3,0
2026-06,5355270179,,61,146400
2026-06,5355270179,중급 허리보호대 + 마사지볼: L,1,2400
2026-06,5415180339,좌우 선택: 양쪽,1,2000
2026-06,5415180339,좌우 선택: 우,1,2000
2026-06,5415180339,좌우 선택: 좌,6,12000
2026-06,5524199797,바른요 허리보호대: M,1,2100
2026-06,5524199797,수량: 아치패드 1쌍 블랙 + 마사지볼,54,113400
2026-06,5524199797,수량: 아치패드 1쌍 스킨 + 마사지볼,122,256200
2026-06,5524199797,수량: 아치패드 2쌍 블랙 + 마사지볼,25,52500
2026-06,5524199797,수량: 아치패드 2쌍 블랙+ 스킨 + 마사지볼,27,56700
2026-06,5524199797,수량: 아치패드 2쌍 스킨 + 마사지볼,52,109200
2026-06,5524199797,슬개건 무릎 보호대 + 마사지볼: 블랙 한쪽,3,6300
2026-06,5524199797,쫀쫀 손목보호대 1쌍: 블랙,2,4200
2026-06,5567864358,손 방향: 오른손 / 사이즈: L,2,0
2026-06,5595025105,수량: 1쌍 / 사이즈: L,2,9600
2026-06,5595025105,수량: 1쌍 / 사이즈: M,5,24000
2026-06,5595025105,수량: 1쌍 / 사이즈: S,3,14400
2026-06,5614734297,바른요 허리보호대: L,1,0
2026-06,5614734297,수량: 블랙 양쪽,134,777200
2026-06,5614734297,수량: 블랙 한쪽,22,63800
2026-06,5614734297,아치패드 + 마사지볼: 1쌍,1,0
2026-06,5614734297,쫀쫀 손목보호대: 블랙 1쌍,4,0
2026-06,5629504025,사이즈: L / 컬러: 레드,2,11200
2026-06,5629504025,사이즈: L / 컬러: 블랙,8,44800
2026-06,5629504025,사이즈: M / 컬러: 레드,1,5600
2026-06,5629504025,사이즈: M / 컬러: 블랙,5,28000
2026-06,5629504025,사이즈: XL / 컬러: 블랙,5,28000
2026-06,5629504025,손목보호대 1쌍 + 마사지볼: 블랙,3,16800
2026-06,5654660417,컬러: 블랙 / 수량: 양팔,14,75600
2026-06,5654660417,컬러: 블랙 / 수량: 한팔,18,75600
2026-06,5654660417,컬러: 블루 / 수량: 양팔,1,5400
2026-06,5798987044,✅테니스엘보 운동 A형 악력기: 블랙,8,0
2026-06,5798987044,⭐미국 FDA 인증 바르는 엘보 파스: 롤형,4,0
2026-06,5798987044,⭐엘보 전완 비틀기 운동 도구: 블랙(10LB),10,0
2026-06,5798987044,⭐추가용 찍찍이 스트랩: 블랙,57,39900
2026-06,5798987044,색상: 레드 양팔 + 마사지볼,14,51800
2026-06,5798987044,색상: 레드 한팔 + 마사지볼,9,19800
2026-06,5798987044,색상: 블랙 양팔 + 마사지볼,220,814000
2026-06,5798987044,색상: 블랙 한팔 + 마사지볼,409,899800
2026-06,5798987044,색상: 블루 양팔 + 마사지볼,10,37000
2026-06,5798987044,색상: 블루 한팔 + 마사지볼,26,57200
2026-06,5799070116,✅ 족부 아치 깔창 1쌍: L(250~275mm),112,56000
2026-06,5799070116,✅ 족부 아치 깔창 1쌍: M(225~245mm),72,36000
2026-06,5799070116,✅미국 FDA 인증 바르는 무릎 파스: 롤형,17,0
2026-06,5799070116,✅미국 FDA 인증 바르는 무릎 파스: 튜브형,3,0
2026-06,5799070116,⭐추가용 찍찍이 스트랩: 블랙 1쌍,259,181300
2026-06,5799070116,색상: 레드 + 마사지볼 / 수량: 양쪽,43,159100
2026-06,5799070116,색상: 레드 + 마사지볼 / 수량: 한쪽,3,6600
2026-06,5799070116,색상: 블랙 + 마사지볼 / 수량: 양쪽,3024,11188800
2026-06,5799070116,색상: 블랙 + 마사지볼 / 수량: 한쪽,587,1291400
2026-06,5799070116,색상: 블루 + 마사지볼 / 수량: 양쪽,94,347800
2026-06,5799070116,색상: 블루 + 마사지볼 / 수량: 한쪽,14,30800
2026-06,5815680678,엘보보호대 + 악력기: 블랙 한쪽,1,3700
2026-06,5815680678,컬러: 블랙 / 사이즈: L / 좌우: 오른쪽,3,11100
2026-06,5815680678,컬러: 블랙 / 사이즈: L / 좌우: 왼쪽,3,11100
2026-06,5815680678,컬러: 블랙 / 사이즈: M / 좌우: 오른쪽,2,7400
2026-06,5815680678,컬러: 블랙 / 사이즈: M / 좌우: 왼쪽,2,7400
2026-06,5815680678,컬러: 블랙 / 사이즈: S / 좌우: 오른쪽,1,3700
2026-06,5815680678,컬러: 블랙 / 사이즈: S / 좌우: 왼쪽,1,3700
2026-06,5815680678,컬러: 아이보리 / 사이즈: S / 좌우: 오른쪽,1,3700
2026-06,5968275643,사이즈: L,6,48000
2026-06,5968275643,사이즈: M,1,8000
2026-06,5968275643,사이즈: S,1,8000
2026-06,5968275643,사이즈: XL,2,16000
2026-06,5970351139,컬러: 블랙 / 수량: 양쪽,1,2700
2026-06,5970351139,컬러: 블랙 / 수량: 한쪽,9,24300
2026-06,5970351139,컬러: 핑크 / 수량: 양쪽,3,8100
2026-06,6362662029,✅ 골반 아치 깔창 1쌍: L(250~275mm),15,112500
2026-06,6362662029,✅ 골반 아치 깔창 1쌍: M(225~245mm),21,157500
2026-06,6362662029,✅미국 FDA 인증 바르는 허리 파스: 롤형,5,37500
2026-06,6362662029,✅미국 FDA 인증 바르는 허리 파스: 튜브형,4,30000
2026-06,6362662029,⭐올림픽 공식 스포츠 테이핑: 블랙,2,15000
2026-06,6362662029,사이즈: 회색L,273,2047500
2026-06,6362662029,사이즈: 회색M,193,1447500
2026-06,6362662029,사이즈: 회색S,53,397500
2026-06,6362662029,사이즈: 회색XL,276,2070000
2026-06,6379382624,✅미국 FDA 인증 바르는 손목 파스: 롤형,5,0
2026-06,6379382624,✅미국 FDA 인증 바르는 손목 파스: 튜브형,2,0
2026-06,6379382624,✅손목 전완 운동 플러서바: 블랙(10LB),5,0
2026-06,6379382624,⭐손목 운동 A형 악력기: 블랙,15,0
2026-06,6379382624,수량: 일자형 양쪽,575,2760000
2026-06,6379382624,수량: 일자형 한쪽,524,1257600
2026-06,6520261103,바른요 허리보호대: L,1,0
2026-06,6520261103,바른요 허리보호대: M,1,0
2026-06,6520261103,수량: 1p,143,643500
2026-06,6520261103,수량: 2p,16,144000
2026-06,6520261103,엘보 보호대 + 악력기: 블랙 한쪽,4,0
2026-06,6520261103,쫀쫀 손목보호대 1쌍: 블랙,5,0
2026-06,6520307731,사이즈: L,5,12000
2026-06,6520307731,사이즈: M,4,9600
2026-06,6520479823,✅미국 FDA 인증 바르는 엘보 파스: 롤형,1,0
2026-06,6520479823,⭐올림픽 공식 스포츠 테이핑: 블랙,1,0
2026-06,6520479823,수량: 양팔,37,192400
2026-06,6520479823,수량: 한팔,64,166400
2026-06,6655032093,사이즈: L,25,195000
2026-06,6655032093,사이즈: M,13,101400
2026-06,6655032093,사이즈: XL,28,218400
2026-06,6966151134,색상: 블랙 / 사이즈: L(1p),8,0
2026-06,6966151134,색상: 블랙 / 사이즈: M(1p),19,38000
2026-06,6966151134,색상: 블랙 / 사이즈: XL(1p),5,10000
2026-06,6966151134,색상: 화이트 / 사이즈: M(1p),2,4000
2026-06,7090326638,사이즈: M,4,0
2026-06,7414085924,수량: 오른쪽 / 사이즈: M,4,12800
2026-06,7414085924,수량: 오른쪽 / 사이즈: S,1,3200
2026-06,7414085924,수량: 왼쪽 / 사이즈: M,2,6400
2026-06,7457903992,컬러: 블랙 / 사이즈: L,6,44400
2026-06,7457903992,컬러: 블랙 / 사이즈: M,8,59200
2026-06,7457903992,컬러: 블랙 / 사이즈: S,5,37000
2026-06,7720884797,사이즈: L,6,0
2026-06,7720884797,사이즈: M,2,0
2026-06,8124456717,사이즈: L,1,0
2026-06,8124456717,사이즈: S,1,0
2026-06,8351363328,사이즈: 남성용 사이즈 L,8,0
2026-06,8351363328,사이즈: 여성용 사이즈 S,4,0
2026-06,8605463656,✅미국 FDA 인증 바르는 손목 파스: 롤형,3,3600
2026-06,8605463656,✅미국 FDA 인증 바르는 손목 파스: 튜브형,1,1200
2026-06,8605463656,✅손목 전완근 운동 플렉서바: 블랙(10LB),1,1200
2026-06,8605463656,⭐손목운동 A형 악력기: 블랙,5,6000
2026-06,8605463656,⭐올림픽 공식 스포츠 테이핑: 블랙,2,2400
2026-06,8605463656,색상: 그레이,75,90000
2026-06,8605463656,색상: 블랙,372,446400
2026-06,8605463656,색상: 핑크,27,32400
2026-06,8643749105,수량: 1개 / 사이즈: L(무릎둘레 44~48),5,0
2026-06,8895292277,사이즈: L,21,170100
2026-06,8895292277,사이즈: M,27,218700
2026-06,8895292277,사이즈: S,9,72900
2026-06,8895292277,사이즈: XL,16,129600
2026-06,9046294613,바른요 허리보호대: L,1,0
2026-06,9046294613,사이즈: L / 수량: 양쪽,14,75600
2026-06,9046294613,사이즈: L / 수량: 한쪽,7,0
2026-06,9046294613,사이즈: M / 수량: 양쪽,9,48600
2026-06,9046294613,사이즈: M / 수량: 한쪽,7,18900
2026-06,9046294613,사이즈: XL / 수량: 양쪽,7,37800
2026-06,9046294613,사이즈: XL / 수량: 한쪽,6,0
2026-06,9046294613,쫀쫀 손목보호대: 블랙,1,0
2026-06,9529628729,사이즈: L,18,48600
2026-06,9529628729,사이즈: M,7,18900
2026-06,9608224404,사이즈: L,20,70000
2026-06,9608224404,사이즈: M,29,101500
2026-06,9921522776,✅ 골반 족부 아치 깔창 1쌍: L(250~275mm),4,33360
2026-06,9921522776,✅ 골반 족부 아치 깔창 1쌍: M(225~245MM),2,16680
2026-06,9921522776,✅미국 FDA 인증 바르는 허리 파스: 롤형,2,16680
2026-06,9921522776,⭐이상근 마사지볼: 블랙,2,16680
2026-06,9921522776,사이즈: L,53,442020
2026-06,9921522776,사이즈: M,34,283560
2026-06,9921522776,사이즈: XL,34,283560
2026-06,9969330650,수량: 1p / 사이즈: S,1,0
2026-06,9969330650,수량: 2p / 사이즈: S,1,0
2026-06,9969330650,수량: 2p / 사이즈: XL,1,0
2026-07,10253686730,수량: 1p,3,8100
2026-07,10253686730,수량: 2p,6,32400
2026-07,10253686730,허리보호대: L,1,0
2026-07,12774184689,수량: 1세트,1,4500
2026-07,12774184689,수량: 2세트,1,4500
2026-07,12956712644,사이즈: L / 수량: 1p,4,0
2026-07,12956712644,사이즈: L / 수량: 2p,22,118800
2026-07,12956712644,사이즈: M / 수량: 1p,7,0
2026-07,12956712644,사이즈: M / 수량: 2p,68,367200
2026-07,12956712644,사이즈: S / 수량: 1p,1,0
2026-07,12956712644,사이즈: S / 수량: 2p,18,97200
2026-07,12956712644,사이즈: XL / 수량: 2p,10,0
2026-07,13068920874,사이즈: L(250 ~ 275mm) / 수량: 1세트,23,11500
2026-07,13068920874,사이즈: M(225 ~ 245mm) / 수량: 1세트,16,8000
2026-07,13357149715,✅ 족부 아치 깔창 1쌍: L(250~275mm),1,0
2026-07,13357149715,✅ 족부 아치 깔창 1쌍: M(225~245mm),2,0
2026-07,13357149715,✅미국 FDA 인증 바르는 무릎 파스: 롤형,1,0
2026-07,13357149715,⭐마사지볼(사용권장): 블랙,5,0
2026-07,13357149715,방향: 양쪽(1set) / 사이즈: L,25,300000
2026-07,13357149715,방향: 양쪽(1set) / 사이즈: M,36,396000
2026-07,13357149715,방향: 오른쪽 / 사이즈: L,3,0
2026-07,13357149715,방향: 오른쪽 / 사이즈: M,5,0
2026-07,13357149715,방향: 왼쪽 / 사이즈: M,7,0
2026-07,13397438952,색상: 오리지널 Pre-Cut 베이지(00298),1,0
2026-07,13397438952,색상: 오리지널 Pre-Cut 블랙(00299),1,0
2026-07,13402813253,타입: 롤온형(3oz),7,84000
2026-07,13436457523,,18,0
2026-07,13462493161,,3,6000
2026-07,4845158048,옵션: 양팔 블랙 상세페이지 링크로 구매시 사은품제공,4,0
2026-07,4911599710,종류: 땅콩 / 컬러: 그린,1,0
2026-07,4973726723,사이즈: 양쪽 L(250~270),5,13500
2026-07,4973726723,사이즈: 양쪽 M(225~245),11,29700
2026-07,4973726723,테니스 엘보 보호대 + 악력기: 블랙 한팔,1,2700
2026-07,5003259611,컬러: 레드,12,26400
2026-07,5003259611,컬러: 블루,50,110000
2026-07,5024717901,사이즈: L,86,645000
2026-07,5024717901,사이즈: M,35,262500
2026-07,5024717901,사이즈: XL,66,495000
2026-07,5299145323,사이즈: M,2,0
2026-07,5355270179,,15,36000
2026-07,5415180339,좌우 선택: 양쪽,3,6000
2026-07,5415180339,좌우 선택: 우,2,4000
2026-07,5415180339,좌우 선택: 좌,2,4000
2026-07,5524199797,수량: 아치패드 1쌍 블랙 + 마사지볼,36,75600
2026-07,5524199797,수량: 아치패드 1쌍 스킨 + 마사지볼,117,245700
2026-07,5524199797,수량: 아치패드 2쌍 블랙 + 마사지볼,24,50400
2026-07,5524199797,수량: 아치패드 2쌍 블랙+ 스킨 + 마사지볼,28,58800
2026-07,5524199797,수량: 아치패드 2쌍 스킨 + 마사지볼,62,130200
2026-07,5524199797,슬개건 무릎 보호대 + 마사지볼: 블랙 한쪽,8,16800
2026-07,5524199797,쫀쫀 손목보호대 1쌍: 블랙,3,6300
2026-07,5567864358,손 방향: 왼손 / 사이즈: L,1,0
2026-07,5595025105,수량: 1쌍 / 사이즈: L,4,19200
2026-07,5595025105,수량: 1쌍 / 사이즈: M,3,14400
2026-07,5595025105,수량: 1쌍 / 사이즈: XL,3,14400
2026-07,5614734297,바른요 허리보호대: L,1,0
2026-07,5614734297,수량: 블랙 양쪽,109,632200
2026-07,5614734297,수량: 블랙 한쪽,18,52200
2026-07,5614734297,아치패드 + 마사지볼: 1쌍,1,0
2026-07,5614734297,쫀쫀 손목보호대: 블랙 1쌍,2,0
2026-07,5629504025,사이즈: L / 컬러: 블랙,6,33600
2026-07,5629504025,사이즈: M / 컬러: 레드,1,5600
2026-07,5629504025,사이즈: M / 컬러: 블랙,2,11200
2026-07,5629504025,사이즈: XL / 컬러: 레드,1,5600
2026-07,5629504025,사이즈: XL / 컬러: 블랙,1,5600
2026-07,5654660417,손목보호대 1쌍 + 악력기: 블랙,3,0
2026-07,5654660417,컬러: 블랙 / 수량: 양팔,15,81000
2026-07,5654660417,컬러: 블랙 / 수량: 한팔,17,71400
2026-07,5654660417,컬러: 블루 / 수량: 양팔,1,5400
2026-07,5654660417,컬러: 블루 / 수량: 한팔,1,4200
2026-07,5798987044,✅올림픽 공식 스포츠 테이핑: 블랙,1,0
2026-07,5798987044,✅테니스엘보 운동 A형 악력기: 블랙,18,0
2026-07,5798987044,⭐미국 FDA 인증 바르는 엘보 파스: 롤형,3,0
2026-07,5798987044,⭐엘보 전완 비틀기 운동 도구: 블랙(10LB),8,0
2026-07,5798987044,⭐추가용 찍찍이 스트랩: 블랙,39,27300
2026-07,5798987044,색상: 레드 양팔 + 마사지볼,8,29600
2026-07,5798987044,색상: 레드 한팔 + 마사지볼,5,11000
2026-07,5798987044,색상: 블랙 양팔 + 마사지볼,201,743700
2026-07,5798987044,색상: 블랙 한팔 + 마사지볼,359,789800
2026-07,5798987044,색상: 블루 양팔 + 마사지볼,7,25900
2026-07,5798987044,색상: 블루 한팔 + 마사지볼,13,28600
2026-07,5799070116,✅ 족부 아치 깔창 1쌍: L(250~275mm),85,42500
2026-07,5799070116,✅ 족부 아치 깔창 1쌍: M(225~245mm),54,27000
2026-07,5799070116,✅미국 FDA 인증 바르는 무릎 파스: 롤형,9,0
2026-07,5799070116,✅미국 FDA 인증 바르는 무릎 파스: 튜브형,9,0
2026-07,5799070116,⭐추가용 찍찍이 스트랩: 블랙 1쌍,227,158900
2026-07,5799070116,색상: 레드 + 마사지볼 / 수량: 양쪽,35,129500
2026-07,5799070116,색상: 레드 + 마사지볼 / 수량: 한쪽,5,11000
2026-07,5799070116,색상: 블랙 + 마사지볼 / 수량: 양쪽,2413,8928100
2026-07,5799070116,색상: 블랙 + 마사지볼 / 수량: 한쪽,282,620400
2026-07,5799070116,색상: 블루 + 마사지볼 / 수량: 양쪽,76,281200
2026-07,5799070116,색상: 블루 + 마사지볼 / 수량: 한쪽,13,28600
2026-07,5815680678,컬러: 블랙 / 사이즈: M / 좌우: 오른쪽,4,14800
2026-07,5815680678,컬러: 블랙 / 사이즈: M / 좌우: 왼쪽,3,11100
2026-07,5815680678,컬러: 블랙 / 사이즈: S / 좌우: 오른쪽,2,7400
2026-07,5815680678,컬러: 블랙 / 사이즈: S / 좌우: 왼쪽,1,3700
2026-07,5815680678,컬러: 아이보리 / 사이즈: S / 좌우: 오른쪽,1,3700
2026-07,5815680678,컬러: 아이보리 / 사이즈: S / 좌우: 왼쪽,1,3700
2026-07,5968275643,사이즈: L,4,32000
2026-07,5968275643,사이즈: M,2,16000
2026-07,5968275643,사이즈: S,1,8000
2026-07,5968275643,사이즈: XL,1,8000
2026-07,5970351139,컬러: 블랙 / 수량: 한쪽,5,13500
2026-07,6362662029,✅ 골반 아치 깔창 1쌍: L(250~275mm),22,165000
2026-07,6362662029,✅ 골반 아치 깔창 1쌍: M(225~245mm),16,120000
2026-07,6362662029,✅미국 FDA 인증 바르는 허리 파스: 롤형,3,22500
2026-07,6362662029,✅미국 FDA 인증 바르는 허리 파스: 튜브형,3,22500
2026-07,6362662029,사이즈: 회색L,234,1755000
2026-07,6362662029,사이즈: 회색M,171,1282500
2026-07,6362662029,사이즈: 회색S,47,352500
2026-07,6362662029,사이즈: 회색XL,234,1755000
2026-07,6379382624,✅미국 FDA 인증 바르는 손목 파스: 롤형,7,0
2026-07,6379382624,✅미국 FDA 인증 바르는 손목 파스: 튜브형,1,0
2026-07,6379382624,✅손목 전완 운동 플러서바: 블랙(10LB),4,0
2026-07,6379382624,⭐손목 운동 A형 악력기: 블랙,9,0
2026-07,6379382624,수량: 일자형 양쪽,393,1886400
2026-07,6379382624,수량: 일자형 한쪽,363,871200
2026-07,6520261103,수량: 1p,135,607500
2026-07,6520261103,수량: 2p,17,153000
2026-07,6520261103,엘보 보호대 + 악력기: 블랙 한쪽,8,0
2026-07,6520261103,쫀쫀 손목보호대 1쌍: 블랙,3,0
2026-07,6520307731,사이즈: L,3,7200
2026-07,6520307731,사이즈: M,3,7200
2026-07,6520479823,✅미국 FDA 인증 바르는 엘보 파스: 롤형,1,0
2026-07,6520479823,수량: 양팔,25,130000
2026-07,6520479823,수량: 한팔,37,96200
2026-07,6520546844,수량: 양쪽 / 색상: 핑크,2,0
2026-07,6520546844,수량: 한쪽 / 색상: 핑크,1,0
2026-07,6655032093,사이즈: L,25,195000
2026-07,6655032093,사이즈: M,7,54600
2026-07,6655032093,사이즈: XL,26,202800
2026-07,6966151134,색상: 블랙 / 사이즈: L(1p),5,0
2026-07,6966151134,색상: 블랙 / 사이즈: M(1p),5,10000
2026-07,6966151134,색상: 블랙 / 사이즈: XL(1p),1,2000
2026-07,6966151134,색상: 화이트 / 사이즈: XL(1p),1,2000
2026-07,7090326638,사이즈: M,4,0
2026-07,7414085924,수량: 오른쪽 / 사이즈: M,1,3200
2026-07,7414085924,수량: 오른쪽 / 사이즈: S,1,3200
2026-07,7414085924,수량: 왼쪽 / 사이즈: S,1,3200
2026-07,7457903992,컬러: 블랙 / 사이즈: L,2,14800
2026-07,7457903992,컬러: 블랙 / 사이즈: M,4,29600
2026-07,7457903992,컬러: 블랙 / 사이즈: S,3,22200
2026-07,7457903992,컬러: 아이보리 / 사이즈: M,1,7400
2026-07,7457903992,컬러: 아이보리 / 사이즈: S,1,7400
2026-07,7720884797,사이즈: L,6,0
2026-07,7720884797,사이즈: M,2,0
2026-07,8124456717,사이즈: L,3,0
2026-07,8124456717,사이즈: S,1,0
2026-07,8351363328,사이즈: 남성용 사이즈 L,5,0
2026-07,8351363328,사이즈: 여성용 사이즈 S,5,0
2026-07,8605463656,✅미국 FDA 인증 바르는 손목 파스: 형,1,1200
2026-07,8605463656,✅손목 전완근 운동 플렉서바: 블랙(10LB),2,2400
2026-07,8605463656,색상: 그레이,85,102000
2026-07,8605463656,색상: 블랙,262,314400
2026-07,8605463656,색상: 핑크,8,9600
2026-07,8895292277,사이즈: L,29,234900
2026-07,8895292277,사이즈: M,27,218700
2026-07,8895292277,사이즈: S,5,40500
2026-07,8895292277,사이즈: XL,18,145800
2026-07,9046294613,사이즈: L / 수량: 양쪽,7,37800
2026-07,9046294613,사이즈: L / 수량: 한쪽,4,0
2026-07,9046294613,사이즈: M / 수량: 양쪽,12,64800
2026-07,9046294613,사이즈: M / 수량: 한쪽,10,27000
2026-07,9046294613,사이즈: XL / 수량: 양쪽,10,54000
2026-07,9046294613,사이즈: XL / 수량: 한쪽,3,0
2026-07,9046294613,쫀쫀 손목보호대: 블랙,1,0
2026-07,9529628729,사이즈: L,23,62100
2026-07,9529628729,사이즈: M,12,32400
2026-07,9608224404,사이즈: L,23,80500
2026-07,9608224404,사이즈: M,33,115500
2026-07,9921522776,✅ 골반 족부 아치 깔창 1쌍: L(250~275mm),3,25020
2026-07,9921522776,✅ 골반 족부 아치 깔창 1쌍: M(225~245MM),3,25020
2026-07,9921522776,⭐이상근 마사지볼: 블랙,2,16680
2026-07,9921522776,사이즈: L,47,391980
2026-07,9921522776,사이즈: M,20,166800
2026-07,9921522776,사이즈: XL,41,341940
2026-07,9969330650,수량: 2p / 사이즈: S,1,0
2026-08,10253686730,수량: 1p,2,5400
2026-08,10253686730,수량: 2p,1,5400
2026-08,11017176082,색상: 아이보리,1,0
2026-08,12774184689,수량: 1세트,3,13500
2026-08,12956712644,사이즈: L / 수량: 1p,2,0
2026-08,12956712644,사이즈: L / 수량: 2p,16,86400
2026-08,12956712644,사이즈: M / 수량: 1p,2,0
2026-08,12956712644,사이즈: M / 수량: 2p,38,205200
2026-08,12956712644,사이즈: S / 수량: 1p,3,0
2026-08,12956712644,사이즈: S / 수량: 2p,9,48600
2026-08,12956712644,사이즈: XL / 수량: 1p,3,0
2026-08,12956712644,사이즈: XL / 수량: 2p,7,0
2026-08,13068920874,사이즈: L(250 ~ 275mm) / 수량: 1세트,17,8500
2026-08,13068920874,사이즈: M(225 ~ 245mm) / 수량: 1세트,9,4500
2026-08,13357149715,✅ 족부 아치 깔창 1쌍: L(250~275mm),1,0
2026-08,13357149715,⭐마사지볼(사용권장): 블랙,4,0
2026-08,13357149715,방향: 양쪽(1set) / 사이즈: L,23,276000
2026-08,13357149715,방향: 양쪽(1set) / 사이즈: M,40,440000
2026-08,13357149715,방향: 오른쪽 / 사이즈: L,1,0
2026-08,13357149715,방향: 오른쪽 / 사이즈: M,7,0
2026-08,13357149715,방향: 왼쪽 / 사이즈: L,5,0
2026-08,13357149715,방향: 왼쪽 / 사이즈: M,1,0
2026-08,13397438952,색상: 오리지널 Pre-Cut 베이지(00298),1,0
2026-08,13397438952,색상: 오리지널 Pre-Cut 블랙(00299),1,0
2026-08,13402813253,타입: 롤온형(3oz),5,60000
2026-08,13436457523,,4,0
2026-08,13462493161,,1,2000
2026-08,13462521558,,1,0
2026-08,13462976266,,2,0
2026-08,4845158048,옵션: 양팔 블랙 상세페이지 링크로 구매시 사은품제공,3,0
2026-08,4845158048,옵션: 한팔 블랙 상세페이지 링크로 구매시 사은품제공,3,0
2026-08,4911599710,종류: 땅콩 / 컬러: 그린,2,0
2026-08,4911599710,종류: 땅콩 / 컬러: 블루,1,0
2026-08,4911599710,종류: 싱글 / 컬러: 그린,1,0
2026-08,4973726723,사이즈: 양쪽 L(250~270),5,13500
2026-08,4973726723,사이즈: 양쪽 M(225~245),12,32400
2026-08,5003259611,엘보 팔꿈치 보호대 + 악력기: 블랙 한쪽,1,0
2026-08,5003259611,컬러: 레드,8,17600
2026-08,5003259611,컬러: 블루,33,72600
2026-08,5024717901,⭐올림픽 공식 스포츠 테이핑: 블랙,1,7500
2026-08,5024717901,사이즈: L,71,532500
2026-08,5024717901,사이즈: M,36,270000
2026-08,5024717901,사이즈: XL,50,375000
2026-08,5299145323,사이즈: L,2,0
2026-08,5355270179,,7,16800
2026-08,5355270179,중급 허리보호대 + 마사지볼: M,1,2400
2026-08,5415180339,좌우 선택: 양쪽,2,4000
2026-08,5415180339,좌우 선택: 우,3,6000
2026-08,5415180339,좌우 선택: 좌,1,2000
2026-08,5524199797,수량: 아치패드 1쌍 블랙 + 마사지볼,40,84000
2026-08,5524199797,수량: 아치패드 1쌍 스킨 + 마사지볼,94,197400
2026-08,5524199797,수량: 아치패드 2쌍 블랙 + 마사지볼,22,46200
2026-08,5524199797,수량: 아치패드 2쌍 블랙+ 스킨 + 마사지볼,38,79800
2026-08,5524199797,수량: 아치패드 2쌍 스킨 + 마사지볼,84,176400
2026-08,5524199797,슬개건 무릎 보호대 + 마사지볼: 블랙 한쪽,9,18900
2026-08,5524199797,쫀쫀 손목보호대 1쌍: 블랙,3,6300
2026-08,5595025105,손목보호대 1쌍 + 마사지볼: 블랙,1,4800
2026-08,5595025105,수량: 1쌍 / 사이즈: M,12,57600
2026-08,5595025105,수량: 1쌍 / 사이즈: S,4,19200
2026-08,5595025105,수량: 1쌍 / 사이즈: XL,5,24000
2026-08,5614734297,수량: 블랙 양쪽,123,713400
2026-08,5614734297,수량: 블랙 한쪽,26,75400
2026-08,5614734297,쫀쫀 손목보호대: 블랙 1쌍,2,0
2026-08,5629504025,사이즈: L / 컬러: 블랙,5,28000
2026-08,5629504025,사이즈: M / 컬러: 레드,1,5600
2026-08,5629504025,사이즈: M / 컬러: 블랙,5,28000
2026-08,5629504025,사이즈: XL / 컬러: 블랙,1,5600
2026-08,5654660417,컬러: 블랙 / 수량: 양팔,5,27000
2026-08,5654660417,컬러: 블랙 / 수량: 한팔,10,42000
2026-08,5798987044,✅테니스엘보 운동 A형 악력기: 블랙,9,0
2026-08,5798987044,⭐미국 FDA 인증 바르는 엘보 파스: 롤형,3,0
2026-08,5798987044,⭐엘보 전완 비틀기 운동 도구: 블랙(10LB),11,0
2026-08,5798987044,⭐추가용 찍찍이 스트랩: 블랙,28,19600
2026-08,5798987044,색상: 레드 양팔 + 마사지볼,4,14800
2026-08,5798987044,색상: 레드 한팔 + 마사지볼,2,4400
2026-08,5798987044,색상: 블랙 양팔 + 마사지볼,136,503200
2026-08,5798987044,색상: 블랙 한팔 + 마사지볼,312,686400
2026-08,5798987044,색상: 블루 양팔 + 마사지볼,6,22200
2026-08,5798987044,색상: 블루 한팔 + 마사지볼,7,15400
2026-08,5799070116,✅ 족부 아치 깔창 1쌍: L(250~275mm),73,36500
2026-08,5799070116,✅ 족부 아치 깔창 1쌍: M(225~245mm),68,34000
2026-08,5799070116,✅미국 FDA 인증 바르는 무릎 파스: 롤형,10,0
2026-08,5799070116,✅미국 FDA 인증 바르는 무릎 파스: 튜브형,8,0
2026-08,5799070116,⭐[추가구매] 슬개건보호대 1세트 더: 블랙 1세트 추가(양쪽),79,292300
2026-08,5799070116,⭐추가용 찍찍이 스트랩: 블랙 1쌍,189,132300
2026-08,5799070116,색상: 레드 + 마사지볼 / 수량: 양쪽,38,140600
2026-08,5799070116,색상: 레드 + 마사지볼 / 수량: 한쪽,2,4400
2026-08,5799070116,색상: 블랙 + 마사지볼 / 수량: 양쪽,2541,9401700
2026-08,5799070116,색상: 블랙 + 마사지볼 / 수량: 한쪽,275,605000
2026-08,5799070116,색상: 블루 + 마사지볼 / 수량: 양쪽,107,395900
2026-08,5799070116,색상: 블루 + 마사지볼 / 수량: 한쪽,13,28600
2026-08,5815680678,컬러: 블랙 / 사이즈: L / 좌우: 오른쪽,2,7400
2026-08,5815680678,컬러: 블랙 / 사이즈: L / 좌우: 왼쪽,2,7400
2026-08,5815680678,컬러: 블랙 / 사이즈: M / 좌우: 오른쪽,6,22200
2026-08,5815680678,컬러: 블랙 / 사이즈: M / 좌우: 왼쪽,2,7400
2026-08,5815680678,컬러: 블랙 / 사이즈: S / 좌우: 오른쪽,3,11100
2026-08,5815680678,컬러: 블랙 / 사이즈: S / 좌우: 왼쪽,3,11100
2026-08,5815680678,컬러: 아이보리 / 사이즈: L / 좌우: 오른쪽,1,3700
2026-08,5815680678,컬러: 아이보리 / 사이즈: L / 좌우: 왼쪽,1,3700
2026-08,5815680678,컬러: 아이보리 / 사이즈: S / 좌우: 오른쪽,1,3700
2026-08,5968275643,사이즈: L,1,8000
2026-08,5968275643,사이즈: M,1,8000
2026-08,5970351139,컬러: 블랙 / 수량: 한쪽,7,18900
2026-08,5970351139,컬러: 핑크 / 수량: 양쪽,4,10800
2026-08,5970351139,컬러: 핑크 / 수량: 한쪽,2,5400
2026-08,6362662029,✅ 골반 아치 깔창 1쌍: L(250~275mm),10,75000
2026-08,6362662029,✅ 골반 아치 깔창 1쌍: M(225~245mm),14,105000
2026-08,6362662029,✅미국 FDA 인증 바르는 허리 파스: 튜브형,1,7500
2026-08,6362662029,⭐이상근 이완 마사지볼(적극 권장): 블랙,5,37500
2026-08,6362662029,⭐이상근 이완 마사지봉(적극 권장): 블랙,1,7500
2026-08,6362662029,⭐허리보호대 전용 냉·온 찜질팩: 1개,13,97500
2026-08,6362662029,사이즈: 회색L,267,2002500
2026-08,6362662029,사이즈: 회색M,150,1125000
2026-08,6362662029,사이즈: 회색S,43,322500
2026-08,6362662029,사이즈: 회색XL,277,2077500
2026-08,6379382624,✅미국 FDA 인증 바르는 손목 파스: 롤형,1,0
2026-08,6379382624,✅미국 FDA 인증 바르는 손목 파스: 튜브형,1,0
2026-08,6379382624,✅손목 전완 운동 플러서바 (권장): 블랙(10LB),4,0
2026-08,6379382624,✅손목 전완 운동 플러서바: 블랙(10LB),8,0
2026-08,6379382624,⭐[추가구매] 손목보호대 1세트 더: TFCC 손목보호대/ 추가 1세트,11,0
2026-08,6379382624,⭐손목 운동 A형 악력기: 블랙,12,0
2026-08,6379382624,⭐올림픽 공식 스포츠 테이핑: 블랙,1,0
2026-08,6379382624,수량: 일자형 양쪽,450,2160000
2026-08,6379382624,수량: 일자형 한쪽,381,914400
2026-08,6520261103,바른요 허리보호대: L,1,0
2026-08,6520261103,수량: 1p,153,688500
2026-08,6520261103,수량: 2p,9,81000
2026-08,6520261103,엘보 보호대 + 악력기: 블랙 한쪽,3,0
2026-08,6520261103,쫀쫀 손목보호대 1쌍: 블랙,4,0
2026-08,6520307731,사이즈: L,1,2400
2026-08,6520307731,사이즈: M,3,7200
2026-08,6520479823,수량: 양팔,40,208000
2026-08,6520479823,수량: 한팔,16,41600
2026-08,6520546844,수량: 양쪽 / 색상: 핑크,4,0
2026-08,6655032093,사이즈: L,31,241800
2026-08,6655032093,사이즈: M,18,140400
2026-08,6655032093,사이즈: XL,29,226200
2026-08,6966151134,색상: 블랙 / 사이즈: L(1p),2,0
2026-08,6966151134,색상: 블랙 / 사이즈: M(1p),10,20000
2026-08,6966151134,색상: 블랙 / 사이즈: XL(1p),3,6000
2026-08,6966151134,색상: 화이트 / 사이즈: XL(1p),1,2000
2026-08,7090326638,사이즈: M,1,0
2026-08,7414085924,수량: 오른쪽 / 사이즈: M,3,9600
2026-08,7414085924,수량: 오른쪽 / 사이즈: S,1,3200
2026-08,7414085924,수량: 왼쪽 / 사이즈: M,2,6400
2026-08,7414085924,수량: 왼쪽 / 사이즈: S,1,3200
2026-08,7457903992,컬러: 블랙 / 사이즈: L,3,22200
2026-08,7457903992,컬러: 블랙 / 사이즈: M,8,59200
2026-08,7457903992,컬러: 블랙 / 사이즈: S,3,22200
2026-08,7720884797,사이즈: L,4,0
2026-08,7720884797,사이즈: M,7,0
2026-08,8124456717,사이즈: L,1,0
2026-08,8124456717,사이즈: S,1,0
2026-08,8351363328,사이즈: 남성용 사이즈 L,6,0
2026-08,8351363328,사이즈: 여성용 사이즈 S,5,0
2026-08,8605463656,✅손목 전완근 운동 플렉서바: 블랙(10LB),1,1200
2026-08,8605463656,색상: 그레이,46,55200
2026-08,8605463656,색상: 블랙,133,159600
2026-08,8605463656,색상: 핑크,5,6000
2026-08,8643749105,수량: 1개 / 사이즈: L(무릎둘레 44~48),1,0
2026-08,8895292277,사이즈: L,20,162000
2026-08,8895292277,사이즈: M,21,170100
2026-08,8895292277,사이즈: S,8,64800
2026-08,8895292277,사이즈: XL,16,129600
2026-08,9046294613,사이즈: L / 수량: 양쪽,9,48600
2026-08,9046294613,사이즈: L / 수량: 한쪽,6,0
2026-08,9046294613,사이즈: M / 수량: 양쪽,12,64800
2026-08,9046294613,사이즈: M / 수량: 한쪽,6,16200
2026-08,9046294613,사이즈: XL / 수량: 양쪽,5,27000
2026-08,9046294613,사이즈: XL / 수량: 한쪽,3,0
2026-08,9529628729,사이즈: L,19,51300
2026-08,9529628729,사이즈: M,11,29700
2026-08,9608224404,사이즈: L,34,119000
2026-08,9608224404,사이즈: M,37,129500
2026-08,9921522776,✅ 골반 족부 아치 깔창 1쌍: L(250~275mm),3,25020
2026-08,9921522776,⭐이상근 마사지볼 (적극 권장): 블랙,2,16680
2026-08,9921522776,⭐이상근 마사지볼: 블랙,2,16680
2026-08,9921522776,사이즈: L,41,341940
2026-08,9921522776,사이즈: M,27,225180
2026-08,9921522776,사이즈: XL,27,225180
2026-08,9969330650,수량: 2p / 사이즈: S,1,0
2026-09,12956712644,사이즈: L / 수량: 2p,1,5400
2026-09,12956712644,사이즈: M / 수량: 1p,1,0
2026-09,12956712644,사이즈: S / 수량: 2p,2,10800
2026-09,13068920874,사이즈: L(250 ~ 275mm) / 수량: 1세트,2,1000
2026-09,13068920874,사이즈: M(225 ~ 245mm) / 수량: 1세트,1,500
2026-09,13357149715,방향: 양쪽(1set) / 사이즈: M,4,44000
2026-09,5003259611,컬러: 레드,2,4400
2026-09,5003259611,컬러: 블루,4,8800
2026-09,5024717901,사이즈: L,4,30000
2026-09,5024717901,사이즈: M,3,22500
2026-09,5024717901,사이즈: XL,3,22500
2026-09,5355270179,,1,2400
2026-09,5524199797,수량: 아치패드 1쌍 블랙 + 마사지볼,2,4200
2026-09,5524199797,수량: 아치패드 1쌍 스킨 + 마사지볼,1,2100
2026-09,5524199797,수량: 아치패드 2쌍 블랙 + 마사지볼,1,2100
2026-09,5524199797,수량: 아치패드 2쌍 블랙+ 스킨 + 마사지볼,2,4200
2026-09,5524199797,수량: 아치패드 2쌍 스킨 + 마사지볼,1,2100
2026-09,5595025105,수량: 1쌍 / 사이즈: S,1,4800
2026-09,5614734297,수량: 블랙 양쪽,7,40600
2026-09,5654660417,컬러: 블랙 / 수량: 양팔,2,10800
2026-09,5654660417,컬러: 블랙 / 수량: 한팔,2,8400
2026-09,5798987044,⭐[추가구매] 엘보보호대 1세트 더: 블랙 / 추가 1세트(양쪽),1,0
2026-09,5798987044,⭐미국 FDA 인증 바르는 엘보 파스: 롤형,1,0
2026-09,5798987044,색상: 레드 양팔 + 마사지볼,1,3700
2026-09,5798987044,색상: 블랙 양팔 + 마사지볼,11,40700
2026-09,5798987044,색상: 블랙 한팔 + 마사지볼,33,72600
2026-09,5799070116,✅ 족부 아치 깔창 1쌍: L(250~275mm),4,2000
2026-09,5799070116,✅ 족부 아치 깔창 1쌍: M(225~245mm),8,4000
2026-09,5799070116,✅미국 FDA 인증 바르는 무릎 파스: 롤온,1,0
2026-09,5799070116,⭐[추가구매] 슬개건보호대 1세트 더: 블랙 1세트 추가(양쪽),23,85100
2026-09,5799070116,⭐추가용 찍찍이 스트랩: 블랙 1쌍,11,7700
2026-09,5799070116,색상: 레드 + 마사지볼 / 수량: 양쪽,1,3700
2026-09,5799070116,색상: 레드 + 마사지볼 / 수량: 한쪽,1,2200
2026-09,5799070116,색상: 블랙 + 마사지볼 / 수량: 양쪽,183,677100
2026-09,5799070116,색상: 블랙 + 마사지볼 / 수량: 한쪽,22,48400
2026-09,5799070116,색상: 블루 + 마사지볼 / 수량: 양쪽,7,25900
2026-09,5815680678,컬러: 블랙 / 사이즈: M / 좌우: 오른쪽,1,3700
2026-09,5815680678,컬러: 블랙 / 사이즈: M / 좌우: 왼쪽,1,3700
2026-09,5970351139,컬러: 블랙 / 수량: 한쪽,2,5400
2026-09,6362662029,✅ 골반 아치 깔창 1쌍: L(250~275mm),3,22500
2026-09,6362662029,⭐이상근 이완 마사지볼(적극 권장): 블랙,2,15000
2026-09,6362662029,⭐허리보호대 전용 냉·온 찜질팩: 1개,9,67500
2026-09,6362662029,사이즈: 회색L,27,202500
2026-09,6362662029,사이즈: 회색M,17,127500
2026-09,6362662029,사이즈: 회색S,4,30000
2026-09,6362662029,사이즈: 회색XL,16,120000
2026-09,6379382624,✅손목 전완 운동 플러서바 (권장): 블랙(10LB),1,0
2026-09,6379382624,⭐[추가구매] 손목보호대 1세트 더: TFCC 손목보호대/ 추가 1세트,2,0
2026-09,6379382624,수량: 일자형 양쪽,42,201600
2026-09,6379382624,수량: 일자형 한쪽,73,175200
2026-09,6520261103,수량: 1p,15,67500
2026-09,6520479823,수량: 양팔,5,26000
2026-09,6655032093,사이즈: L,5,39000
2026-09,6655032093,사이즈: M,4,31200
2026-09,6655032093,사이즈: XL,6,46800
2026-09,6966151134,색상: 블랙 / 사이즈: M(1p),2,4000
2026-09,6966151134,색상: 블랙 / 사이즈: XL(1p),2,4000
2026-09,7457903992,컬러: 아이보리 / 사이즈: L,1,7400
2026-09,7720884797,사이즈: M,1,0
2026-09,8124456717,사이즈: L,1,0
2026-09,8351363328,사이즈: 남성용 사이즈 L,2,0
2026-09,8605463656,색상: 그레이,1,1200
2026-09,8605463656,색상: 블랙,5,6000
2026-09,8895292277,사이즈: M,1,8100
2026-09,8895292277,사이즈: XL,1,8100
2026-09,9046294613,사이즈: L / 수량: 한쪽,1,0
2026-09,9046294613,사이즈: M / 수량: 양쪽,5,27000
2026-09,9046294613,사이즈: M / 수량: 한쪽,1,2700
2026-09,9046294613,사이즈: XL / 수량: 양쪽,1,5400
2026-09,9529628729,사이즈: L,2,5400
2026-09,9529628729,사이즈: M,1,2700
2026-09,9608224404,사이즈: M,4,14000
2026-09,9921522776,사이즈: L,3,25020
2026-09,9921522776,사이즈: M,5,41700
2026-09,9921522776,사이즈: XL,5,41700
