수량,상품번호,옵션정보,상품명,원가
60,9046294613,사이즈: L / 수량: 한쪽,올투게더나우 8세대 영자 무릎 보호대 러닝 스쿼트 테이핑 크로스핏 니슬리브 한쪽,
59,6966151134,색상: 블랙 / 사이즈: L(1p),물리치료사가 판매하는 올투게더나우 4세대 영자 무릎보호대 무릅 무름 무릎 아대 헬스 러닝,
53,8351363328,사이즈: 남성용 사이즈 L,물리치료사가 판매하는 올투게더나우 손가락 엄지 검지 중지 약지 새끼 보호대 아대 지지대,
53,5799070116,✅미국 FDA 인증 바르는 무릎 파스: 롤형,롤형,
53,6379382624,⭐손목 운동 A형 악력기: 블랙,블랙,
50,12956712644,사이즈: M / 수량: 1p,올투게더나우 베나 니슬리브 무릎 보호대 러닝 관절 아대 등산 헬스 운동 농구 테니스 배구 2p 1set,
50,13357149715,방향: 오른쪽 / 사이즈: M,올투게더나우 스트랩 벡터 무릎보호대 슬개골 슬개건 보호대 러닝 축구 농구 배구 테니스 등산 무릅 밴드,
47,8351363328,사이즈: 여성용 사이즈 S,물리치료사가 판매하는 올투게더나우 손가락 엄지 검지 중지 약지 새끼 보호대 아대 지지대,
46,5798987044,✅테니스엘보 운동 A형 악력기: 블랙,블랙,
44,13436457523,,올투게더나우 추가용 교체 스트랩,
43,12956712644,사이즈: XL / 수량: 2p,올투게더나우 베나 니슬리브 무릎 보호대 러닝 관절 아대 등산 헬스 운동 농구 테니스 배구 2p 1set,
42,7720884797,사이즈: L,물리치료사가 판매하는 올투게더나우 가벼운 허리보호대 복대,
41,7090326638,사이즈: M,물리치료사가 판매하는 올투게더나우 얇은 허리 보호대,
40,5299145323,사이즈: L,올투게더나우 물리치료사가 직접 판매하는 발열 허리 디스크 척추 보호대 복대,
40,8124456717,사이즈: L,물리치료사가 판매하는 올투게더나우 바른자세 허리보호대,
40,5799070116,아치 깔창 1쌍: L(250~275mm),L(250~275mm),
37,5798987044,⭐엘보 전완 비틀기 운동 도구: 블랙(10LB),블랙(10LB),
36,6520261103,엘보 보호대 + 악력기: 블랙 한쪽,블랙 한쪽,
35,12956712644,사이즈: M / 수량: 1p,올투게더나우 베나 니슬리브 무릎 보호대 러닝 관절 아대 등산 헬스 운동 농구 테니스 배구,
35,5799070116,✅미국 FDA 인증 바르는 무릎 파스: 튜브형,튜브형,
35,13357149715,방향: 왼쪽 / 사이즈: M,올투게더나우 스트랩 벡터 무릎보호대 슬개골 슬개건 보호대 러닝 축구 농구 배구 테니스 등산 무릅 밴드,
34,4911599710,종류: 싱글 / 컬러: 블랙,올투게더나우 친환경 땅콩 싱글 마사지 지압 스트레칭 공 발 어깨 승모근 요가 마사지 볼,
33,9046294613,사이즈: XL / 수량: 한쪽,올투게더나우 8세대 영자 무릎 보호대 러닝 스쿼트 테이핑 크로스핏 니슬리브 한쪽,
30,6520261103,쫀쫀 손목보호대 1쌍: 블랙,블랙,
27,5299145323,사이즈: M,올투게더나우 물리치료사가 직접 판매하는 발열 허리 디스크 척추 보호대 복대,
26,7720884797,사이즈: M,물리치료사가 판매하는 올투게더나우 가벼운 허리보호대 복대,
26,12956712644,사이즈: L / 수량: 1p,올투게더나우 베나 니슬리브 무릎 보호대 러닝 관절 아대 등산 헬스 운동 농구 테니스 배구,
26,13357149715,⭐마사지볼(사용권장): 블랙,블랙,
25,4845158048,옵션: 양팔 블랙 상세페이지 링크로 구매시 사은품제공,물리치료사가 판매하는 올투게더나우 팔꿈치 엘보 보호대,
24,4845158048,옵션: 한팔 블랙 상세페이지 링크로 구매시 사은품제공,물리치료사가 판매하는 올투게더나우 팔꿈치 엘보 보호대,
24,5799070116,아치패드 + 마사지볼: 1쌍,1쌍,
24,13357149715,방향: 왼쪽 / 사이즈: L,올투게더나우 스트랩 벡터 무릎보호대 슬개골 슬개건 보호대 러닝 축구 농구 배구 테니스 등산 무릅 밴드,
23,5799070116,아치 깔창 1쌍: M(225~245mm),M(225~245mm),
22,4911599710,종류: 땅콩 / 컬러: 그린,올투게더나우 친환경 땅콩 싱글 마사지 지압 스트레칭 공 발 어깨 승모근 요가 마사지 볼,
22,12956712644,사이즈: L / 수량: 1p,올투게더나우 베나 니슬리브 무릎 보호대 러닝 관절 아대 등산 헬스 운동 농구 테니스 배구 2p 1set,
22,13357149715,방향: 오른쪽 / 사이즈: L,올투게더나우 스트랩 벡터 무릎보호대 슬개골 슬개건 보호대 러닝 축구 농구 배구 테니스 등산 무릅 밴드,
21,4911599710,종류: 땅콩 / 컬러: 블랙,올투게더나우 친환경 땅콩 싱글 마사지 지압 스트레칭 공 발 어깨 승모근 요가 마사지 볼,
21,6379382624,✅미국 FDA 인증 바르는 손목 파스: 롤형,롤형,
20,6379382624,✅손목 전완 운동 플러서바: 블랙(10LB),블랙(10LB),
17,12956712644,사이즈: S / 수량: 1p,올투게더나우 베나 니슬리브 무릎 보호대 러닝 관절 아대 등산 헬스 운동 농구 테니스 배구,
17,5798987044,추가 찍찍이 스트랩: 블랙 1쌍,블랙 1쌍,
15,5567864358,손 방향: 오른손 / 사이즈: L,올투게더나우 물리치료사가 판매하는 꽉쪼아 손목 보호대 아대 엄지손가락 스트랩 운동 골프 테니스,
15,13357149715,✅ 족부 아치 깔창 1쌍: L(250~275mm),L(250~275mm),
14,6520546844,수량: 양쪽 / 색상: 핑크,물리치료사가 판매하는 올투게더나우 쫀쫀 무릎 보호대,
14,8124456717,사이즈: S,물리치료사가 판매하는 올투게더나우 바른자세 허리보호대,
14,5614734297,쫀쫀 손목보호대: 블랙 1쌍,블랙 1쌍,
13,13357149715,✅ 족부 아치 깔창 1쌍: M(225~245mm),M(225~245mm),
13,6379382624,⭐[추가구매] 손목보호대 1세트 더: TFCC 손목보호대/ 추가 1세트,TFCC 손목보호대/ 추가 1세트,
12,12956712644,사이즈: S / 수량: 1p,올투게더나우 베나 니슬리브 무릎 보호대 러닝 관절 아대 등산 헬스 운동 농구 테니스 배구 2p 1set,
12,5798987044,⭐미국 FDA 인증 바르는 엘보 파스: 롤형,롤형,
11,8643749105,수량: 1개 / 사이즈: L(무릎둘레 44~48),물리치료사가 판매하는 올투게더나우 다이얼 압박 무릎보호대 1p,
10,12956712644,사이즈: XL / 수량: 1p,올투게더나우 베나 니슬리브 무릎 보호대 러닝 관절 아대 등산 헬스 운동 농구 테니스 배구,
10,4911599710,종류: 땅콩 / 컬러: 핑크,올투게더나우 친환경 땅콩 싱글 마사지 지압 스트레칭 공 발 어깨 승모근 요가 마사지 볼,
10,13357149715,방향: 오른쪽 / 사이즈: M,올투게더나우 스트랩 벡터 무릎보호대 슬개골 슬개건 보호대 러닝 축구 농구 배구 테니스 등산 무릅 밴드 오른쪽,
9,5799070116,바른요 허리보호대: L,L,
9,5567864358,손 방향: 왼손 / 사이즈: L,올투게더나우 물리치료사가 판매하는 꽉쪼아 손목 보호대 아대 엄지손가락 스트랩 운동 골프 테니스,
8,9969330650,수량: 2p / 사이즈: S,큐디아 무릎 슬개건 슬개골 보호대 러닝 무릎 관절 보호 밴드 니 슬리브 1P,
8,10463137662,사이즈: S-M,국내생산 큐디아 PN 런닝 등산 배드민턴 헬스 관절 연골 무릎 보호대 압박 밴드1p,
8,8643749105,수량: 1개 / 사이즈: M(무릎둘레 40~44),물리치료사가 판매하는 올투게더나우 다이얼 압박 무릎보호대 1p,
8,9046294613,쫀쫀 손목보호대: 블랙,블랙,
8,13357149715,방향: 왼쪽 / 사이즈: M,올투게더나우 스트랩 벡터 무릎보호대 슬개골 슬개건 보호대 러닝 축구 농구 배구 테니스 등산 무릅 밴드 오른쪽,
7,9969330650,수량: 2p / 사이즈: L,큐디아 무릎 슬개건 슬개골 보호대 러닝 무릎 관절 보호 밴드 니 슬리브 1P,
7,5567864358,손 방향: 양손 / 사이즈: L,올투게더나우 물리치료사가 판매하는 꽉쪼아 손목 보호대 아대 엄지손가락 스트랩 운동 골프 테니스,
7,11017176082,색상: 아이보리,큐디아 손목 보호대 T1 온열 저주파 마사지 아대 산후 산전 헬스 테니스 찜질 EMS,
7,5614734297,아치패드 + 마사지볼: 1쌍,1쌍,
7,12956712644,사이즈: XL / 수량: 1p,올투게더나우 베나 니슬리브 무릎 보호대 러닝 관절 아대 등산 헬스 운동 농구 테니스 배구 2p 1set,
6,4911599710,종류: 땅콩 / 컬러: 블루,올투게더나우 친환경 땅콩 싱글 마사지 지압 스트레칭 공 발 어깨 승모근 요가 마사지 볼,
6,6379382624,바른요 허리보호대: L,L,
6,9969330650,수량: 1p / 사이즈: L,큐디아 무릎 슬개건 슬개골 보호대 러닝 무릎 관절 보호 밴드 니 슬리브 1P,
6,5003259611,엘보 팔꿈치 보호대 + 악력기: 블랙 한쪽,블랙 한쪽,
6,5654660417,손목보호대 1쌍 + 악력기: 블랙,블랙,
5,5799070116,바른요 허리보호대: M,M,
5,6379382624,바른요 허리보호대: XL,XL,
5,5799070116,바른요 허리보호대: XL,XL,
5,6379382624,✅미국 FDA 인증 바르는 손목 파스: 튜브형,튜브형,
5,6379382624,✅손목 전완 운동 플러서바 (권장): 블랙(10LB),블랙(10LB),
4,4911599710,종류: 싱글 / 컬러: 핑크,올투게더나우 친환경 땅콩 싱글 마사지 지압 스트레칭 공 발 어깨 승모근 요가 마사지 볼,
4,5614734297,바른요 허리보호대: L,L,
4,12956712644,사이즈: XL / 수량: 2p,올투게더나우 베나 니슬리브 무릎 보호대 러닝 관절 아대 등산 헬스 운동 농구 테니스 배구,
4,6520261103,바른요 허리보호대: L,L,
4,9969330650,수량: 2p / 사이즈: XL,큐디아 무릎 슬개건 슬개골 보호대 러닝 무릎 관절 보호 밴드 니 슬리브 1P,
4,13357149715,✅미국 FDA 인증 바르는 무릎 파스: 롤형,롤형,
4,6379382624,⭐올림픽 공식 스포츠 테이핑: 블랙,블랙,
4,13462976266,,올투게더나우 마사지볼 블랙,
4,13357149715,방향: 오른쪽 / 사이즈: L,올투게더나우 스트랩 벡터 무릎보호대 슬개골 슬개건 보호대 러닝 축구 농구 배구 테니스 등산 무릅 밴드 오른쪽,
4,13357149715,방향: 왼쪽 / 사이즈: L,올투게더나우 스트랩 벡터 무릎보호대 슬개골 슬개건 보호대 러닝 축구 농구 배구 테니스 등산 무릅 밴드 오른쪽,
3,5299145323,슬개건 무릎보호대 + 마사지볼: 블랙 한쪽,블랙 한쪽,
3,5299145323,사이즈: XL,올투게더나우 물리치료사가 직접 판매하는 발열 허리 디스크 척추 보호대 복대,
3,11017176082,색상: 라벤더,큐디아 손목 보호대 T1 온열 저주파 마사지 아대 산후 산전 헬스 테니스 찜질 EMS,
3,9969330650,수량: 1p / 사이즈: S,큐디아 무릎 슬개건 슬개골 보호대 러닝 무릎 관절 보호 밴드 니 슬리브 1P,
3,6520261103,바른요 허리보호대: M,M,
3,13397438952,색상: 오리지널 Pre-Cut 블랙(00299),미국 올림픽 선수도 사용하는 케이티 테이프 오리지널 본사 스포츠 테이핑 키네시올로지 손목 무릎 어깨 근육,
3,13357149715,방향: 오른쪽 / 사이즈: L,올투게더나우 스트랩 무릎보호대 슬개골 슬개건 보호대 러닝 축구 농구 배구 테니스 등산 무릅 밴드,
3,6520479823,✅미국 FDA 인증 바르는 엘보 파스: 롤형,롤형,
3,13397438952,색상: 오리지널 Pre-Cut 베이지(00298),미국 올림픽 선수도 사용하는 케이티 테이프 오리지널 본사 스포츠 테이핑 키네시올로지 손목 무릎 어깨 근육,
2,5614734297,바른요 허리보호대: XL,XL,
2,9969330650,수량: 1p / 사이즈: XL,큐디아 무릎 슬개건 슬개골 보호대 러닝 무릎 관절 보호 밴드 니 슬리브 1P,
2,4911599710,종류: 싱글 / 컬러: 그린,올투게더나우 친환경 땅콩 싱글 마사지 지압 스트레칭 공 발 어깨 승모근 요가 마사지 볼,
2,13462521558,,올투게더나우 A형 악력기,
2,13357149715,방향: 오른쪽 / 사이즈: M,올투게더나우 스트랩 벡터 러닝 무릎보호대 슬개건 슬개골 보호대 틍산 운동 아대 밴드 오른쪽,
2,12956712644,사이즈: L / 수량: 1p,올투게더나우 베나 니슬리브 러닝 무릎보호대 배구 헬스 축구 러닝 농구 등산 테니스 2p,
2,12956712644,사이즈: M / 수량: 1p,올투게더나우 베나 니슬리브 러닝 무릎보호대 배구 헬스 축구 러닝 농구 등산 테니스 2p,
1,5299145323,손목보호대 1쌍 + 마사지볼: 블랙,블랙,
1,5799070116,바른요 허리보호대: S,S,
1,4845158048,옵션: 양팔 블루,물리치료사가 판매하는 올투게더나우 팔꿈치 엘보 보호대,
1,7720884797,사이즈: XL,물리치료사가 판매하는 올투게더나우 가벼운 허리보호대 복대,
1,9969330650,수량: 1p / 사이즈: M,큐디아 무릎 슬개건 슬개골 보호대 러닝 무릎 관절 보호 밴드 니 슬리브 1P,
1,7720884797,사이즈: XXL,물리치료사가 판매하는 올투게더나우 가벼운 허리보호대 복대,
1,11017176082,고급 쇼핑백 (소): 쇼핑백(소),쇼핑백(소),
1,6379382624,바른요 허리보호대: S,S,
1,6379382624,바른요 허리보호대: M,M,
1,6966151134,색상: 화이트 / 사이즈: L(1p),물리치료사가 판매하는 올투게더나우 4세대 영자 무릎보호대 무릅 무름 무릎 아대 헬스 러닝,
1,6520261103,바른요 허리보호대: XL,XL,
1,4845158048,손목보호대 1쌍 + 마사지볼: 블랙,블랙,
1,5799070116,⭐올림픽 공식 스포츠 테이핑: 베이지,베이지,
1,5799070116,⭐올림픽 공식 스포츠 테이핑: 블랙,블랙,
1,13357149715,✅미국 FDA 인증 바르는 무릎 파스: 튜브형,튜브형,
1,4845158048,바른요 허리보호대: L,L,
1,4845158048,슬개건 무릎 보호대 + 마사지볼: 블랙 한쪽,블랙 한쪽,
1,13357149715,방향: 오른쪽 / 사이즈: M,올투게더나우 스트랩 무릎보호대 슬개골 러닝 축구 농구 배구 테니스 등산 무릅 슬개건 보호대,
1,4911599710,요가링: 하드 옐로우,하드 옐로우,
1,5798987044,⭐올림픽 공식 스포츠 테이핑: 블루,블루,
1,5798987044,✅미국 FDA 인증 바르는 엘보 파스: 튜브형,튜브형,
1,13397438952,색상: 오리지널 Pre-Cut 라임(00225),미국 올림픽 선수도 사용하는 케이티 테이프 오리지널 본사 스포츠 테이핑 키네시올로지 손목 무릎 어깨 근육,
1,4911599710,종류: 싱글 / 컬러: 블루,올투게더나우 친환경 땅콩 싱글 마사지 지압 스트레칭 공 발 어깨 승모근 요가 마사지 볼,
1,9046294613,바른요 허리보호대: L,L,
1,6520479823,⭐올림픽 공식 스포츠 테이핑: 블랙,블랙,
1,10253686730,허리보호대: L,L,
1,5798987044,✅올림픽 공식 스포츠 테이핑: 블랙,블랙,
1,6520546844,수량: 한쪽 / 색상: 핑크,물리치료사가 판매하는 올투게더나우 쫀쫀 무릎 보호대,
1,13357149715,방향: 왼쪽 / 사이즈: L,올투게더나우 스트랩 벡터 러닝 무릎보호대 슬개건 슬개골 보호대 틍산 운동 아대 밴드 오른쪽,
1,12956712644,사이즈: S / 수량: 1p,올투게더나우 베나 니슬리브 러닝 무릎보호대 배구 헬스 축구 러닝 농구 등산 테니스 2p,
1,12956712644,사이즈: XL / 수량: 2p,올투게더나우 베나 니슬리브 러닝 무릎보호대 배구 헬스 축구 러닝 농구 등산 테니스 2p,
1,5798987044,⭐[추가구매] 엘보보호대 1세트 더: 블랙 / 추가 1세트(양쪽),블랙 / 추가 1세트(양쪽),
1,5799070116,✅미국 FDA 인증 바르는 무릎 파스: 롤온,롤온,
