수량,계정,상품명,옵션꼬리표,원가
2,올투게더나우,올투게더나우 고정형 발목 보호대 아대,"L,1개",
2,올투게더나우,올투게더나우 손가락 보호대 밴드,2개,
2,올투게더나우,올투게더나우 고정형 발목 보호대 아대,"XL:26x15cm,1개",
1,올투게더나우,물리치료사가 판매하는 올투게더나우 무릎 보온대 방한대 보호대 2p,블랙,
1,올투게더나우,휴책 보호대연구소 무릎보호대 슬개건 슬개골 보호대 러닝 무릎 보호대 아대 관절 보호 밴드,"1개,블랙",
1,올투게더나우,물리치료사가 추천하는 1+1 요가링 종아리링 릴렉스링 엠보링,"free,엠보스라임,1개",
1,올투게더나우,물리치료사가 판매하는 올투게더나우 목해먹 넥해먹,"1개,상세페이지 참조",
1,올투게더나우,유큐어 손목 압박 보호대 아대 2p 1set 블랙,"1개,free",
117,휴책,유큐어 손목 압박 보호대 아대 2p 1set 블랙,"1개,free",
23,휴책,보호대연구소 국내생산 큐디아 PN 슬개건 슬개골 무릎 보호대 아대,"2개,S-M",
5,휴책,보호대연구소 국내생산 큐디아 PN 슬개건 슬개골 무릎 보호대 아대,"1개,S-M",
3,휴책,보호대연구소 국내생산 손목 보호대 아대,"FREE,1개,베이지",
3,휴책,보호대연구소 큐디아 베노핏 레그 릴렉서 의료용 압박스타킹 종아리형 1set,"종아리/무릎형,1세트,L",
2,휴책,보호대연구소 큐디아 온열 저주파 손목 보호대 아대,"블랙,1개",
2,휴책,보호대연구소 큐디아 온열 저주파 손목 보호대 아대,"베이지,1개",
