기간,단위,계정,항목,금액
2026-07-01,일,올투게더나우,광고비(SELLER),55043
2026-07-02,일,올투게더나우,광고비(SELLER),48601
2026-07-03,일,올투게더나우,광고비(SELLER),38262
2026-07-04,일,올투게더나우,광고비(SELLER),34749
2026-07-05,일,올투게더나우,광고비(SELLER),35700
2026-07-06,일,올투게더나우,광고비(SELLER),37124
2026-07-07,일,올투게더나우,광고비(SELLER),28092
2026-07-08,일,올투게더나우,광고비(SELLER),39456
2026-07-09,일,올투게더나우,광고비(SELLER),35356
2026-07-10,일,올투게더나우,광고비(SELLER),44992
2026-07-11,일,올투게더나우,광고비(SELLER),46569
2026-07-12,일,올투게더나우,광고비(SELLER),44513
2026-07-13,일,올투게더나우,광고비(SELLER),47498
2026-07-14,일,올투게더나우,광고비(SELLER),41273
2026-07-15,일,올투게더나우,광고비(SELLER),45700
2026-07-16,일,올투게더나우,광고비(SELLER),36267
2026-07-17,일,올투게더나우,광고비(SELLER),41373
2026-07-18,일,올투게더나우,광고비(SELLER),54911
2026-07-19,일,올투게더나우,광고비(SELLER),45475
2026-07-20,일,올투게더나우,광고비(SELLER),36254
2026-07-21,일,올투게더나우,광고비(SELLER),41015
2026-07-22,일,올투게더나우,광고비(SELLER),42764
2026-07-23,일,올투게더나우,광고비(SELLER),41112
2026-07-24,일,올투게더나우,광고비(SELLER),51026
2026-07-25,일,올투게더나우,광고비(SELLER),54847
2026-07-26,일,올투게더나우,광고비(SELLER),49125
2026-07-27,일,올투게더나우,광고비(SELLER),55633
2026-07-28,일,올투게더나우,광고비(SELLER),60455
2026-07-29,일,올투게더나우,광고비(SELLER),52852
2026-07-30,일,올투게더나우,광고비(SELLER),37428
2026-07-31,일,올투게더나우,광고비(SELLER),36475
2026-08-01,일,올투게더나우,광고비(SELLER),50360
2026-08-02,일,올투게더나우,광고비(SELLER),47659
2026-08-03,일,올투게더나우,광고비(SELLER),40235
2026-08-04,일,올투게더나우,광고비(SELLER),43542
2026-08-05,일,올투게더나우,광고비(SELLER),57042
2026-08-06,일,올투게더나우,광고비(SELLER),48807
2026-08-07,일,올투게더나우,광고비(SELLER),29247
2026-08-08,일,올투게더나우,광고비(SELLER),42037
2026-08-09,일,올투게더나우,광고비(SELLER),31941
2026-08-10,일,올투게더나우,광고비(SELLER),47855
2026-08-11,일,올투게더나우,광고비(SELLER),40179
2026-08-12,일,올투게더나우,광고비(SELLER),36339
2026-08-13,일,올투게더나우,광고비(SELLER),41735
2026-08-14,일,올투게더나우,광고비(SELLER),40582
2026-08-15,일,올투게더나우,광고비(SELLER),30651
2026-08-16,일,올투게더나우,광고비(SELLER),48156
2026-08-17,일,올투게더나우,광고비(SELLER),41263
2026-08-18,일,올투게더나우,광고비(SELLER),41447
2026-08-19,일,올투게더나우,광고비(SELLER),45630
2026-08-20,일,올투게더나우,광고비(SELLER),54036
2026-08-21,일,올투게더나우,광고비(SELLER),45842
2026-08-22,일,올투게더나우,광고비(SELLER),42415
2026-08-23,일,올투게더나우,광고비(SELLER),69473
2026-08-24,일,올투게더나우,광고비(SELLER),75332
2026-08-25,일,올투게더나우,광고비(SELLER),63316
2026-08-26,일,올투게더나우,광고비(SELLER),60849
2026-08-27,일,올투게더나우,광고비(SELLER),41593
2026-08-28,일,올투게더나우,광고비(SELLER),43096
2026-08-29,일,올투게더나우,광고비(SELLER),35004
2026-08-30,일,올투게더나우,광고비(SELLER),39516
2026-08-31,일,올투게더나우,광고비(SELLER),61081
2026-09-01,일,올투게더나우,광고비(SELLER),54412
2026-01,월,올투게더나우,광고비(SELLER),1290478
2026-02,월,올투게더나우,광고비(SELLER),1259668
2026-03,월,올투게더나우,광고비(SELLER),2416495
2026-04,월,올투게더나우,광고비(SELLER),3373954
2026-05,월,올투게더나우,광고비(SELLER),3460250
2026-06,월,올투게더나우,광고비(SELLER),3130034
2026-07-01,일,유큐어,광고비(ROCKETGROWTH),226655
2026-07-01,일,유큐어,광고비(SELLER),3868
2026-07-02,일,유큐어,광고비(ROCKETGROWTH),206464
2026-07-02,일,유큐어,광고비(SELLER),9844
2026-07-03,일,유큐어,광고비(ROCKETGROWTH),221613
2026-07-03,일,유큐어,광고비(SELLER),1590
2026-07-04,일,유큐어,광고비(ROCKETGROWTH),197960
2026-07-04,일,유큐어,광고비(SELLER),7674
2026-07-05,일,유큐어,광고비(ROCKETGROWTH),227267
2026-07-05,일,유큐어,광고비(SELLER),2991
2026-07-06,일,유큐어,광고비(ROCKETGROWTH),226283
2026-07-06,일,유큐어,광고비(SELLER),2828
2026-07-07,일,유큐어,광고비(ROCKETGROWTH),205556
2026-07-07,일,유큐어,광고비(SELLER),9837
2026-07-08,일,유큐어,광고비(ROCKETGROWTH),213518
2026-07-08,일,유큐어,광고비(SELLER),4474
2026-07-09,일,유큐어,광고비(ROCKETGROWTH),190794
2026-07-09,일,유큐어,광고비(SELLER),8600
2026-07-10,일,유큐어,광고비(ROCKETGROWTH),189691
2026-07-10,일,유큐어,광고비(SELLER),8078
2026-07-11,일,유큐어,광고비(ROCKETGROWTH),203661
2026-07-11,일,유큐어,광고비(SELLER),6835
2026-07-12,일,유큐어,광고비(ROCKETGROWTH),226982
2026-07-12,일,유큐어,광고비(SELLER),14503
2026-07-13,일,유큐어,광고비(ROCKETGROWTH),233264
2026-07-13,일,유큐어,광고비(SELLER),6798
2026-07-14,일,유큐어,광고비(ROCKETGROWTH),215836
2026-07-14,일,유큐어,광고비(SELLER),2615
2026-07-15,일,유큐어,광고비(ROCKETGROWTH),226080
2026-07-15,일,유큐어,광고비(SELLER),14679
2026-07-16,일,유큐어,광고비(ROCKETGROWTH),184289
2026-07-16,일,유큐어,광고비(SELLER),5483
2026-07-17,일,유큐어,광고비(ROCKETGROWTH),166380
2026-07-17,일,유큐어,광고비(SELLER),3908
2026-07-18,일,유큐어,광고비(ROCKETGROWTH),189478
2026-07-18,일,유큐어,광고비(SELLER),10311
2026-07-19,일,유큐어,광고비(ROCKETGROWTH),183203
2026-07-19,일,유큐어,광고비(SELLER),5513
2026-07-20,일,유큐어,광고비(ROCKETGROWTH),181141
2026-07-20,일,유큐어,광고비(SELLER),7947
2026-07-21,일,유큐어,광고비(ROCKETGROWTH),187511
2026-07-21,일,유큐어,광고비(SELLER),9686
2026-07-22,일,유큐어,광고비(ROCKETGROWTH),234269
2026-07-22,일,유큐어,광고비(SELLER),9784
2026-07-23,일,유큐어,광고비(ROCKETGROWTH),278715
2026-07-23,일,유큐어,광고비(SELLER),9345
2026-07-24,일,유큐어,광고비(ROCKETGROWTH),279802
2026-07-24,일,유큐어,광고비(SELLER),13050
2026-07-25,일,유큐어,광고비(ROCKETGROWTH),273390
2026-07-25,일,유큐어,광고비(SELLER),6946
2026-07-26,일,유큐어,광고비(ROCKETGROWTH),233143
2026-07-26,일,유큐어,광고비(SELLER),7224
2026-07-27,일,유큐어,광고비(ROCKETGROWTH),248822
2026-07-27,일,유큐어,광고비(SELLER),5473
2026-07-28,일,유큐어,광고비(ROCKETGROWTH),215187
2026-07-28,일,유큐어,광고비(SELLER),4573
2026-07-29,일,유큐어,광고비(ROCKETGROWTH),217975
2026-07-29,일,유큐어,광고비(SELLER),15592
2026-07-30,일,유큐어,광고비(ROCKETGROWTH),223808
2026-07-30,일,유큐어,광고비(SELLER),1361
2026-07-31,일,유큐어,광고비(ROCKETGROWTH),211471
2026-07-31,일,유큐어,광고비(SELLER),5645
2026-08-01,일,유큐어,광고비(ROCKETGROWTH),252794
2026-08-01,일,유큐어,광고비(SELLER),10806
2026-08-02,일,유큐어,광고비(ROCKETGROWTH),246039
2026-08-02,일,유큐어,광고비(SELLER),9638
2026-08-03,일,유큐어,광고비(ROCKETGROWTH),217424
2026-08-03,일,유큐어,광고비(SELLER),7043
2026-08-04,일,유큐어,광고비(ROCKETGROWTH),276016
2026-08-04,일,유큐어,광고비(SELLER),8226
2026-08-05,일,유큐어,광고비(ROCKETGROWTH),226713
2026-08-05,일,유큐어,광고비(SELLER),4112
2026-08-06,일,유큐어,광고비(ROCKETGROWTH),221126
2026-08-06,일,유큐어,광고비(SELLER),9531
2026-08-07,일,유큐어,광고비(ROCKETGROWTH),206344
2026-08-07,일,유큐어,광고비(SELLER),5566
2026-08-08,일,유큐어,광고비(ROCKETGROWTH),157381
2026-08-08,일,유큐어,광고비(SELLER),5196
2026-08-09,일,유큐어,광고비(ROCKETGROWTH),226703
2026-08-09,일,유큐어,광고비(SELLER),6783
2026-08-10,일,유큐어,광고비(ROCKETGROWTH),211835
2026-08-10,일,유큐어,광고비(SELLER),6440
2026-08-11,일,유큐어,광고비(ROCKETGROWTH),236368
2026-08-11,일,유큐어,광고비(SELLER),4198
2026-08-12,일,유큐어,광고비(ROCKETGROWTH),257869
2026-08-12,일,유큐어,광고비(SELLER),5785
2026-08-13,일,유큐어,광고비(ROCKETGROWTH),228622
2026-08-13,일,유큐어,광고비(SELLER),11434
2026-08-14,일,유큐어,광고비(ROCKETGROWTH),238348
2026-08-14,일,유큐어,광고비(SELLER),6552
2026-08-15,일,유큐어,광고비(ROCKETGROWTH),252582
2026-08-15,일,유큐어,광고비(SELLER),8739
2026-08-16,일,유큐어,광고비(ROCKETGROWTH),233793
2026-08-16,일,유큐어,광고비(SELLER),5907
2026-08-17,일,유큐어,광고비(ROCKETGROWTH),268221
2026-08-17,일,유큐어,광고비(SELLER),8794
2026-08-18,일,유큐어,광고비(ROCKETGROWTH),267000
2026-08-18,일,유큐어,광고비(SELLER),14038
2026-08-19,일,유큐어,광고비(ROCKETGROWTH),303934
2026-08-19,일,유큐어,광고비(SELLER),14752
2026-08-20,일,유큐어,광고비(ROCKETGROWTH),271220
2026-08-20,일,유큐어,광고비(SELLER),19520
2026-08-21,일,유큐어,광고비(ROCKETGROWTH),297715
2026-08-21,일,유큐어,광고비(SELLER),4373
2026-08-22,일,유큐어,광고비(ROCKETGROWTH),330165
2026-08-22,일,유큐어,광고비(SELLER),5468
2026-08-23,일,유큐어,광고비(ROCKETGROWTH),291662
2026-08-23,일,유큐어,광고비(SELLER),5691
2026-08-24,일,유큐어,광고비(ROCKETGROWTH),282990
2026-08-24,일,유큐어,광고비(SELLER),6298
2026-08-25,일,유큐어,광고비(ROCKETGROWTH),296698
2026-08-25,일,유큐어,광고비(SELLER),3618
2026-08-26,일,유큐어,광고비(ROCKETGROWTH),267982
2026-08-26,일,유큐어,광고비(SELLER),16126
2026-08-27,일,유큐어,광고비(ROCKETGROWTH),272646
2026-08-27,일,유큐어,광고비(SELLER),7430
2026-08-28,일,유큐어,광고비(ROCKETGROWTH),223195
2026-08-28,일,유큐어,광고비(SELLER),7333
2026-08-29,일,유큐어,광고비(ROCKETGROWTH),259116
2026-08-29,일,유큐어,광고비(SELLER),4814
2026-08-30,일,유큐어,광고비(ROCKETGROWTH),247366
2026-08-30,일,유큐어,광고비(SELLER),8789
2026-08-31,일,유큐어,광고비(ROCKETGROWTH),281710
2026-08-31,일,유큐어,광고비(SELLER),15860
2026-09-01,일,유큐어,광고비(ROCKETGROWTH),355901
2026-09-01,일,유큐어,광고비(SELLER),19972
2026-01,월,유큐어,광고비(ROCKETGROWTH),8220341
2026-01,월,유큐어,광고비(SELLER),392028
2026-02,월,유큐어,광고비(ROCKETGROWTH),6043176
2026-02,월,유큐어,광고비(SELLER),478327
2026-03,월,유큐어,광고비(ROCKETGROWTH),11071798
2026-03,월,유큐어,광고비(SELLER),772527
2026-04,월,유큐어,광고비(ROCKETGROWTH),13030653
2026-04,월,유큐어,광고비(SELLER),619911
2026-05,월,유큐어,광고비(ROCKETGROWTH),9685240
2026-05,월,유큐어,광고비(SELLER),252422
2026-06,월,유큐어,광고비(ROCKETGROWTH),6310314
2026-06,월,유큐어,광고비(SELLER),150127
2026-07-01,일,유큐어,쿠폰,35560
2026-07-01,일,유큐어,입출고비,191436
2026-07-01,일,유큐어,수수료,67312
2026-07-02,일,유큐어,쿠폰,38110
2026-07-02,일,유큐어,입출고비,180800
2026-07-02,일,유큐어,수수료,77696
2026-07-03,일,유큐어,쿠폰,42920
2026-07-03,일,유큐어,입출고비,252749
2026-07-03,일,유큐어,수수료,96989
2026-07-04,일,유큐어,쿠폰,35010
2026-07-04,일,유큐어,입출고비,214484
2026-07-04,일,유큐어,수수료,69673
2026-07-05,일,유큐어,쿠폰,36350
2026-07-05,일,유큐어,입출고비,169120
2026-07-05,일,유큐어,수수료,65790
2026-07-06,일,유큐어,쿠폰,47650
2026-07-06,일,유큐어,입출고비,168681
2026-07-06,일,유큐어,수수료,84586
2026-07-07,일,유큐어,쿠폰,53570
2026-07-07,일,유큐어,입출고비,197299
2026-07-07,일,유큐어,수수료,75894
2026-07-08,일,유큐어,쿠폰,42090
2026-07-08,일,유큐어,입출고비,212548
2026-07-08,일,유큐어,수수료,64461
2026-07-09,일,유큐어,쿠폰,33300
2026-07-09,일,유큐어,입출고비,200703
2026-07-09,일,유큐어,수수료,58753
2026-07-10,일,유큐어,쿠폰,40930
2026-07-10,일,유큐어,입출고비,161591
2026-07-10,일,유큐어,수수료,80510
2026-07-11,일,유큐어,쿠폰,47890
2026-07-11,일,유큐어,입출고비,204971
2026-07-11,일,유큐어,수수료,72361
2026-07-12,일,유큐어,쿠폰,52000
2026-07-12,일,유큐어,입출고비,194483
2026-07-12,일,유큐어,수수료,91688
2026-07-13,일,유큐어,쿠폰,52930
2026-07-13,일,유큐어,입출고비,202138
2026-07-13,일,유큐어,수수료,83079
2026-07-14,일,유큐어,쿠폰,30530
2026-07-14,일,유큐어,입출고비,219373
2026-07-14,일,유큐어,수수료,68944
2026-07-15,일,유큐어,쿠폰,34820
2026-07-15,일,유큐어,입출고비,163213
2026-07-15,일,유큐어,수수료,78147
2026-07-16,일,유큐어,쿠폰,42550
2026-07-16,일,유큐어,입출고비,221925
2026-07-16,일,유큐어,수수료,84936
2026-07-17,일,유큐어,쿠폰,30790
2026-07-17,일,유큐어,입출고비,183277
2026-07-17,일,유큐어,수수료,63637
2026-07-18,일,유큐어,쿠폰,43520
2026-07-18,일,유큐어,입출고비,168146
2026-07-18,일,유큐어,수수료,69281
2026-07-19,일,유큐어,쿠폰,59650
2026-07-19,일,유큐어,입출고비,193731
2026-07-19,일,유큐어,수수료,84231
2026-07-20,일,유큐어,쿠폰,42280
2026-07-20,일,유큐어,입출고비,214652
2026-07-20,일,유큐어,수수료,69999
2026-07-21,일,유큐어,쿠폰,36810
2026-07-21,일,유큐어,입출고비,179666
2026-07-21,일,유큐어,수수료,60876
2026-07-22,일,유큐어,쿠폰,41410
2026-07-22,일,유큐어,입출고비,146545
2026-07-22,일,유큐어,수수료,64375
2026-07-23,일,유큐어,쿠폰,48370
2026-07-23,일,유큐어,입출고비,183541
2026-07-23,일,유큐어,수수료,73498
2026-07-24,일,유큐어,쿠폰,52460
2026-07-24,일,유큐어,입출고비,188349
2026-07-24,일,유큐어,수수료,77616
2026-07-25,일,유큐어,쿠폰,52910
2026-07-25,일,유큐어,입출고비,197351
2026-07-25,일,유큐어,수수료,87208
2026-07-26,일,유큐어,쿠폰,43040
2026-07-26,일,유큐어,입출고비,207416
2026-07-26,일,유큐어,수수료,73764
2026-07-27,일,유큐어,쿠폰,37740
2026-07-27,일,유큐어,입출고비,193114
2026-07-27,일,유큐어,수수료,79706
2026-07-28,일,유큐어,쿠폰,33900
2026-07-28,일,유큐어,입출고비,195412
2026-07-28,일,유큐어,수수료,62125
2026-07-29,일,유큐어,쿠폰,44950
2026-07-29,일,유큐어,입출고비,184208
2026-07-29,일,유큐어,수수료,77018
2026-07-30,일,유큐어,쿠폰,48920
2026-07-30,일,유큐어,입출고비,191909
2026-07-30,일,유큐어,수수료,76854
2026-07-31,일,유큐어,쿠폰,40130
2026-07-31,일,유큐어,입출고비,221893
2026-07-31,일,유큐어,수수료,84057
2026-08-01,일,유큐어,쿠폰,36910
2026-08-01,일,유큐어,입출고비,204523
2026-08-01,일,유큐어,수수료,83802
2026-08-02,일,유큐어,쿠폰,41170
2026-08-02,일,유큐어,입출고비,215012
2026-08-02,일,유큐어,수수료,85771
2026-08-03,일,유큐어,쿠폰,24820
2026-08-03,일,유큐어,입출고비,200790
2026-08-03,일,유큐어,수수료,73883
2026-08-04,일,유큐어,쿠폰,19490
2026-08-04,일,유큐어,입출고비,152266
2026-08-04,일,유큐어,수수료,69243
2026-08-05,일,유큐어,쿠폰,22610
2026-08-05,일,유큐어,입출고비,207049
2026-08-05,일,유큐어,수수료,63996
2026-08-06,일,유큐어,쿠폰,8880
2026-08-06,일,유큐어,입출고비,173176
2026-08-06,일,유큐어,수수료,66713
2026-08-07,일,유큐어,쿠폰,53000
2026-08-07,일,유큐어,입출고비,172027
2026-08-07,일,유큐어,수수료,59536
2026-08-08,일,유큐어,쿠폰,27270
2026-08-08,일,유큐어,입출고비,123050
2026-08-08,일,유큐어,수수료,32301
2026-08-09,일,유큐어,쿠폰,57980
2026-08-09,일,유큐어,입출고비,117781
2026-08-09,일,유큐어,수수료,63589
2026-08-10,일,유큐어,쿠폰,59990
2026-08-10,일,유큐어,입출고비,160707
2026-08-10,일,유큐어,수수료,73537
2026-08-11,일,유큐어,쿠폰,74910
2026-08-11,일,유큐어,입출고비,209853
2026-08-11,일,유큐어,수수료,72222
2026-08-12,일,유큐어,쿠폰,67350
2026-08-12,일,유큐어,입출고비,174602
2026-08-12,일,유큐어,수수료,65997
2026-08-13,일,유큐어,쿠폰,58330
2026-08-13,일,유큐어,입출고비,198249
2026-08-13,일,유큐어,수수료,71624
2026-08-14,일,유큐어,쿠폰,51380
2026-08-14,일,유큐어,입출고비,200649
2026-08-14,일,유큐어,수수료,69933
2026-08-15,일,유큐어,쿠폰,44770
2026-08-15,일,유큐어,입출고비,170242
2026-08-15,일,유큐어,수수료,59070
2026-08-16,일,유큐어,쿠폰,54580
2026-08-16,일,유큐어,입출고비,149393
2026-08-16,일,유큐어,수수료,61403
2026-08-17,일,유큐어,쿠폰,75690
2026-08-17,일,유큐어,입출고비,180751
2026-08-17,일,유큐어,수수료,87481
2026-08-18,일,유큐어,쿠폰,42740
2026-08-18,일,유큐어,입출고비,180036
2026-08-18,일,유큐어,수수료,76474
2026-08-19,일,유큐어,쿠폰,87450
2026-08-19,일,유큐어,입출고비,224111
2026-08-19,일,유큐어,수수료,107778
2026-08-20,일,유큐어,쿠폰,78760
2026-08-20,일,유큐어,입출고비,232925
2026-08-20,일,유큐어,수수료,80228
2026-08-21,일,유큐어,쿠폰,50880
2026-08-21,일,유큐어,입출고비,183273
2026-08-21,일,유큐어,수수료,73077
2026-08-22,일,유큐어,쿠폰,53840
2026-08-22,일,유큐어,입출고비,204977
2026-08-22,일,유큐어,수수료,81411
2026-08-23,일,유큐어,쿠폰,56630
2026-08-23,일,유큐어,입출고비,197076
2026-08-23,일,유큐어,수수료,64379
2026-08-24,일,유큐어,쿠폰,70160
2026-08-24,일,유큐어,입출고비,151384
2026-08-24,일,유큐어,수수료,82284
2026-08-25,일,유큐어,쿠폰,66180
2026-08-25,일,유큐어,입출고비,233560
2026-08-25,일,유큐어,수수료,100278
2026-08-26,일,유큐어,쿠폰,55250
2026-08-26,일,유큐어,입출고비,236664
2026-08-26,일,유큐어,수수료,76439
2026-08-27,일,유큐어,쿠폰,58170
2026-08-27,일,유큐어,입출고비,185752
2026-08-27,일,유큐어,수수료,66740
2026-08-28,일,유큐어,쿠폰,38620
2026-08-28,일,유큐어,입출고비,172024
2026-08-28,일,유큐어,수수료,62647
2026-08-29,일,유큐어,쿠폰,62560
2026-08-29,일,유큐어,입출고비,167555
2026-08-29,일,유큐어,수수료,71317
2026-08-30,일,유큐어,쿠폰,58880
2026-08-30,일,유큐어,입출고비,196387
2026-08-30,일,유큐어,수수료,83369
2026-08-31,일,유큐어,쿠폰,79610
2026-08-31,일,유큐어,입출고비,182755
2026-08-31,일,유큐어,수수료,93425
2026-09-01,일,유큐어,쿠폰,99270
2026-09-01,일,유큐어,입출고비,274097
2026-09-01,일,유큐어,수수료,105282
2026-01,월,유큐어,쿠폰,108900
2026-01,월,유큐어,입출고비,6624900
2026-01,월,유큐어,수수료,2478624
2026-02,월,유큐어,쿠폰,551720
2026-02,월,유큐어,입출고비,5765525
2026-02,월,유큐어,수수료,2149119
2026-03,월,유큐어,쿠폰,1144430
2026-03,월,유큐어,입출고비,8818940
2026-03,월,유큐어,수수료,3473068
2026-04,월,유큐어,쿠폰,777180
2026-04,월,유큐어,입출고비,9308217
2026-04,월,유큐어,수수료,3839851
2026-05,월,유큐어,쿠폰,1334840
2026-05,월,유큐어,입출고비,8269484
2026-05,월,유큐어,수수료,3419171
2026-06,월,유큐어,쿠폰,575950
2026-06,월,유큐어,입출고비,6837416
2026-06,월,유큐어,수수료,2677675
2026-07-01,일,휴책,광고비(ROCKETGROWTH),803955
2026-07-01,일,휴책,광고비(SELLER),32053
2026-07-02,일,휴책,광고비(ROCKETGROWTH),879847
2026-07-02,일,휴책,광고비(SELLER),33520
2026-07-03,일,휴책,광고비(ROCKETGROWTH),855733
2026-07-03,일,휴책,광고비(SELLER),22994
2026-07-04,일,휴책,광고비(ROCKETGROWTH),506939
2026-07-04,일,휴책,광고비(SELLER),131472
2026-07-05,일,휴책,광고비(ROCKETGROWTH),380390
2026-07-05,일,휴책,광고비(SELLER),103767
2026-07-06,일,휴책,광고비(ROCKETGROWTH),933029
2026-07-06,일,휴책,광고비(SELLER),29484
2026-07-07,일,휴책,광고비(ROCKETGROWTH),1111471
2026-07-07,일,휴책,광고비(SELLER),36657
2026-07-08,일,휴책,광고비(ROCKETGROWTH),1014950
2026-07-08,일,휴책,광고비(SELLER),38276
2026-07-09,일,휴책,광고비(ROCKETGROWTH),746536
2026-07-09,일,휴책,광고비(SELLER),52729
2026-07-10,일,휴책,광고비(ROCKETGROWTH),677381
2026-07-10,일,휴책,광고비(SELLER),42974
2026-07-11,일,휴책,광고비(ROCKETGROWTH),822804
2026-07-11,일,휴책,광고비(SELLER),39338
2026-07-12,일,휴책,광고비(ROCKETGROWTH),908084
2026-07-12,일,휴책,광고비(SELLER),22218
2026-07-13,일,휴책,광고비(ROCKETGROWTH),817839
2026-07-13,일,휴책,광고비(SELLER),17879
2026-07-14,일,휴책,광고비(ROCKETGROWTH),656623
2026-07-14,일,휴책,광고비(SELLER),18543
2026-07-15,일,휴책,광고비(ROCKETGROWTH),662061
2026-07-15,일,휴책,광고비(SELLER),11986
2026-07-16,일,휴책,광고비(ROCKETGROWTH),928893
2026-07-16,일,휴책,광고비(SELLER),13634
2026-07-17,일,휴책,광고비(ROCKETGROWTH),1076398
2026-07-17,일,휴책,광고비(SELLER),13877
2026-07-18,일,휴책,광고비(ROCKETGROWTH),1334939
2026-07-18,일,휴책,광고비(SELLER),36946
2026-07-19,일,휴책,광고비(ROCKETGROWTH),1496595
2026-07-19,일,휴책,광고비(SELLER),29600
2026-07-20,일,휴책,광고비(ROCKETGROWTH),1136309
2026-07-20,일,휴책,광고비(SELLER),14094
2026-07-21,일,휴책,광고비(ROCKETGROWTH),1057298
2026-07-21,일,휴책,광고비(SELLER),14983
2026-07-22,일,휴책,광고비(ROCKETGROWTH),1041236
2026-07-22,일,휴책,광고비(SELLER),37479
2026-07-23,일,휴책,광고비(ROCKETGROWTH),892773
2026-07-23,일,휴책,광고비(SELLER),47821
2026-07-24,일,휴책,광고비(ROCKETGROWTH),636435
2026-07-24,일,휴책,광고비(SELLER),46154
2026-07-25,일,휴책,광고비(ROCKETGROWTH),701097
2026-07-25,일,휴책,광고비(SELLER),60059
2026-07-26,일,휴책,광고비(ROCKETGROWTH),763557
2026-07-26,일,휴책,광고비(SELLER),74031
2026-07-27,일,휴책,광고비(ROCKETGROWTH),601975
2026-07-27,일,휴책,광고비(SELLER),113036
2026-07-28,일,휴책,광고비(ROCKETGROWTH),523446
2026-07-28,일,휴책,광고비(SELLER),50336
2026-07-29,일,휴책,광고비(ROCKETGROWTH),646380
2026-07-29,일,휴책,광고비(SELLER),52590
2026-07-30,일,휴책,광고비(ROCKETGROWTH),681331
2026-07-30,일,휴책,광고비(SELLER),33653
2026-07-31,일,휴책,광고비(ROCKETGROWTH),753886
2026-07-31,일,휴책,광고비(SELLER),17288
2026-08-01,일,휴책,광고비(ROCKETGROWTH),752121
2026-08-01,일,휴책,광고비(SELLER),10542
2026-08-02,일,휴책,광고비(ROCKETGROWTH),857134
2026-08-02,일,휴책,광고비(SELLER),14782
2026-08-03,일,휴책,광고비(ROCKETGROWTH),985076
2026-08-03,일,휴책,광고비(SELLER),16520
2026-08-04,일,휴책,광고비(ROCKETGROWTH),864660
2026-08-04,일,휴책,광고비(SELLER),52261
2026-08-05,일,휴책,광고비(ROCKETGROWTH),800002
2026-08-05,일,휴책,광고비(SELLER),30190
2026-08-06,일,휴책,광고비(ROCKETGROWTH),789656
2026-08-06,일,휴책,광고비(SELLER),27320
2026-08-07,일,휴책,광고비(ROCKETGROWTH),960887
2026-08-07,일,휴책,광고비(SELLER),20469
2026-08-08,일,휴책,광고비(ROCKETGROWTH),901846
2026-08-08,일,휴책,광고비(SELLER),19531
2026-08-09,일,휴책,광고비(ROCKETGROWTH),1248280
2026-08-09,일,휴책,광고비(SELLER),32655
2026-08-10,일,휴책,광고비(ROCKETGROWTH),1366622
2026-08-10,일,휴책,광고비(SELLER),62640
2026-08-11,일,휴책,광고비(ROCKETGROWTH),1311208
2026-08-11,일,휴책,광고비(SELLER),50844
2026-08-12,일,휴책,광고비(ROCKETGROWTH),1584544
2026-08-12,일,휴책,광고비(SELLER),45191
2026-08-13,일,휴책,광고비(ROCKETGROWTH),834346
2026-08-13,일,휴책,광고비(SELLER),17523
2026-08-14,일,휴책,광고비(ROCKETGROWTH),653995
2026-08-14,일,휴책,광고비(SELLER),11600
2026-08-15,일,휴책,광고비(ROCKETGROWTH),754169
2026-08-15,일,휴책,광고비(SELLER),10100
2026-08-16,일,휴책,광고비(ROCKETGROWTH),762175
2026-08-16,일,휴책,광고비(SELLER),8584
2026-08-17,일,휴책,광고비(ROCKETGROWTH),630295
2026-08-17,일,휴책,광고비(SELLER),9566
2026-08-18,일,휴책,광고비(ROCKETGROWTH),857370
2026-08-18,일,휴책,광고비(SELLER),11040
2026-08-19,일,휴책,광고비(ROCKETGROWTH),1164181
2026-08-19,일,휴책,광고비(SELLER),9366
2026-08-20,일,휴책,광고비(ROCKETGROWTH),1093169
2026-08-20,일,휴책,광고비(SELLER),36310
2026-08-21,일,휴책,광고비(ROCKETGROWTH),994250
2026-08-21,일,휴책,광고비(SELLER),50512
2026-08-22,일,휴책,광고비(ROCKETGROWTH),879733
2026-08-22,일,휴책,광고비(SELLER),49802
2026-08-23,일,휴책,광고비(ROCKETGROWTH),1216154
2026-08-23,일,휴책,광고비(SELLER),35826
2026-08-24,일,휴책,광고비(ROCKETGROWTH),1220061
2026-08-24,일,휴책,광고비(SELLER),21877
2026-08-25,일,휴책,광고비(ROCKETGROWTH),1170093
2026-08-25,일,휴책,광고비(SELLER),20289
2026-08-26,일,휴책,광고비(ROCKETGROWTH),1334279
2026-08-26,일,휴책,광고비(SELLER),19215
2026-08-27,일,휴책,광고비(ROCKETGROWTH),1399916
2026-08-27,일,휴책,광고비(SELLER),28308
2026-08-28,일,휴책,광고비(ROCKETGROWTH),1275956
2026-08-28,일,휴책,광고비(SELLER),41243
2026-08-29,일,휴책,광고비(ROCKETGROWTH),1322960
2026-08-29,일,휴책,광고비(SELLER),36231
2026-08-30,일,휴책,광고비(ROCKETGROWTH),1323752
2026-08-30,일,휴책,광고비(SELLER),31846
2026-08-31,일,휴책,광고비(ROCKETGROWTH),842043
2026-08-31,일,휴책,광고비(SELLER),31035
2026-09-01,일,휴책,광고비(ROCKETGROWTH),1252733
2026-09-01,일,휴책,광고비(SELLER),52632
2026-01,월,휴책,광고비(ROCKETGROWTH),6076479
2026-01,월,휴책,광고비(SELLER),22301
2026-02,월,휴책,광고비(ROCKETGROWTH),5543707
2026-02,월,휴책,광고비(SELLER),9239
2026-03,월,휴책,광고비(ROCKETGROWTH),23424050
2026-03,월,휴책,광고비(SELLER),48891
2026-04,월,휴책,광고비(ROCKETGROWTH),21744993
2026-04,월,휴책,광고비(SELLER),14082
2026-05,월,휴책,광고비(ROCKETGROWTH),13636105
2026-05,월,휴책,광고비(SELLER),474450
2026-06,월,휴책,광고비(ROCKETGROWTH),24020159
2026-06,월,휴책,광고비(SELLER),1359874
2026-07-01,일,휴책,쿠폰,493530
2026-07-01,일,휴책,입출고비,628284
2026-07-01,일,휴책,수수료,277816
2026-07-02,일,휴책,쿠폰,880110
2026-07-02,일,휴책,입출고비,608496
2026-07-02,일,휴책,수수료,259889
2026-07-03,일,휴책,쿠폰,879240
2026-07-03,일,휴책,입출고비,713210
2026-07-03,일,휴책,수수료,268191
2026-07-04,일,휴책,쿠폰,547490
2026-07-04,일,휴책,입출고비,722608
2026-07-04,일,휴책,수수료,177001
2026-07-05,일,휴책,쿠폰,336270
2026-07-05,일,휴책,입출고비,214045
2026-07-05,일,휴책,수수료,121728
2026-07-06,일,휴책,쿠폰,883540
2026-07-06,일,휴책,입출고비,536988
2026-07-06,일,휴책,수수료,272134
2026-07-07,일,휴책,쿠폰,976620
2026-07-07,일,휴책,입출고비,677657
2026-07-07,일,휴책,수수료,295394
2026-07-08,일,휴책,쿠폰,996060
2026-07-08,일,휴책,입출고비,662636
2026-07-08,일,휴책,수수료,289816
2026-07-09,일,휴책,쿠폰,824730
2026-07-09,일,휴책,입출고비,798582
2026-07-09,일,휴책,수수료,243025
2026-07-10,일,휴책,쿠폰,798520
2026-07-10,일,휴책,입출고비,553835
2026-07-10,일,휴책,수수료,240518
2026-07-11,일,휴책,쿠폰,827200
2026-07-11,일,휴책,입출고비,674615
2026-07-11,일,휴책,수수료,251281
2026-07-12,일,휴책,쿠폰,929660
2026-07-12,일,휴책,입출고비,601426
2026-07-12,일,휴책,수수료,273269
2026-07-13,일,휴책,쿠폰,356200
2026-07-13,일,휴책,입출고비,654353
2026-07-13,일,휴책,수수료,207760
2026-07-14,일,휴책,쿠폰,407940
2026-07-14,일,휴책,입출고비,521839
2026-07-14,일,휴책,수수료,237123
2026-07-15,일,휴책,쿠폰,453760
2026-07-15,일,휴책,입출고비,553980
2026-07-15,일,휴책,수수료,253329
2026-07-16,일,휴책,쿠폰,514300
2026-07-16,일,휴책,입출고비,682772
2026-07-16,일,휴책,수수료,300507
2026-07-17,일,휴책,쿠폰,513960
2026-07-17,일,휴책,입출고비,702581
2026-07-17,일,휴책,수수료,280265
2026-07-18,일,휴책,쿠폰,537460
2026-07-18,일,휴책,입출고비,595381
2026-07-18,일,휴책,수수료,296993
2026-07-19,일,휴책,쿠폰,584050
2026-07-19,일,휴책,입출고비,726375
2026-07-19,일,휴책,수수료,310631
2026-07-20,일,휴책,쿠폰,428360
2026-07-20,일,휴책,입출고비,732148
2026-07-20,일,휴책,수수료,295296
2026-07-21,일,휴책,쿠폰,309430
2026-07-21,일,휴책,입출고비,679408
2026-07-21,일,휴책,수수료,262663
2026-07-22,일,휴책,쿠폰,318770
2026-07-22,일,휴책,입출고비,630438
2026-07-22,일,휴책,수수료,259524
2026-07-23,일,휴책,쿠폰,335980
2026-07-23,일,휴책,입출고비,631084
2026-07-23,일,휴책,수수료,266812
2026-07-24,일,휴책,쿠폰,254420
2026-07-24,일,휴책,입출고비,585880
2026-07-24,일,휴책,수수료,236119
2026-07-25,일,휴책,쿠폰,303410
2026-07-25,일,휴책,입출고비,538062
2026-07-25,일,휴책,수수료,265602
2026-07-26,일,휴책,쿠폰,289150
2026-07-26,일,휴책,입출고비,542985
2026-07-26,일,휴책,수수료,249498
2026-07-27,일,휴책,쿠폰,215150
2026-07-27,일,휴책,입출고비,499067
2026-07-27,일,휴책,수수료,183129
2026-07-28,일,휴책,쿠폰,205300
2026-07-28,일,휴책,입출고비,409923
2026-07-28,일,휴책,수수료,177796
2026-07-29,일,휴책,쿠폰,231360
2026-07-29,일,휴책,입출고비,409323
2026-07-29,일,휴책,수수료,195938
2026-07-30,일,휴책,쿠폰,248700
2026-07-30,일,휴책,입출고비,472606
2026-07-30,일,휴책,수수료,209313
2026-07-31,일,휴책,쿠폰,281760
2026-07-31,일,휴책,입출고비,546175
2026-07-31,일,휴책,수수료,254111
2026-08-01,일,휴책,쿠폰,265880
2026-08-01,일,휴책,입출고비,413537
2026-08-01,일,휴책,수수료,232761
2026-08-02,일,휴책,쿠폰,261200
2026-08-02,일,휴책,입출고비,537061
2026-08-02,일,휴책,수수료,223366
2026-08-03,일,휴책,쿠폰,273670
2026-08-03,일,휴책,입출고비,531015
2026-08-03,일,휴책,수수료,258468
2026-08-04,일,휴책,쿠폰,250440
2026-08-04,일,휴책,입출고비,563278
2026-08-04,일,휴책,수수료,221091
2026-08-05,일,휴책,쿠폰,253740
2026-08-05,일,휴책,입출고비,503532
2026-08-05,일,휴책,수수료,224240
2026-08-06,일,휴책,쿠폰,199400
2026-08-06,일,휴책,입출고비,464630
2026-08-06,일,휴책,수수료,172359
2026-08-07,일,휴책,쿠폰,309260
2026-08-07,일,휴책,입출고비,395940
2026-08-07,일,휴책,수수료,192589
2026-08-08,일,휴책,쿠폰,356120
2026-08-08,일,휴책,입출고비,423473
2026-08-08,일,휴책,수수료,176443
2026-08-09,일,휴책,쿠폰,543300
2026-08-09,일,휴책,입출고비,538324
2026-08-09,일,휴책,수수료,308223
2026-08-10,일,휴책,쿠폰,691020
2026-08-10,일,휴책,입출고비,696333
2026-08-10,일,휴책,수수료,344389
2026-08-11,일,휴책,쿠폰,627650
2026-08-11,일,휴책,입출고비,848452
2026-08-11,일,휴책,수수료,316665
2026-08-12,일,휴책,쿠폰,1548370
2026-08-12,일,휴책,입출고비,865721
2026-08-12,일,휴책,수수료,425467
2026-08-13,일,휴책,쿠폰,946640
2026-08-13,일,휴책,입출고비,960768
2026-08-13,일,휴책,수수료,318784
2026-08-14,일,휴책,쿠폰,558320
2026-08-14,일,휴책,입출고비,761437
2026-08-14,일,휴책,수수료,191792
2026-08-15,일,휴책,쿠폰,730190
2026-08-15,일,휴책,입출고비,528721
2026-08-15,일,휴책,수수료,249053
2026-08-16,일,휴책,쿠폰,222750
2026-08-16,일,휴책,입출고비,588517
2026-08-16,일,휴책,수수료,246201
2026-08-17,일,휴책,쿠폰,105240
2026-08-17,일,휴책,입출고비,532079
2026-08-17,일,휴책,수수료,219422
2026-08-18,일,휴책,쿠폰,335940
2026-08-18,일,휴책,입출고비,430978
2026-08-18,일,휴책,수수료,238134
2026-08-19,일,휴책,쿠폰,662040
2026-08-19,일,휴책,입출고비,677745
2026-08-19,일,휴책,수수료,339337
2026-08-20,일,휴책,쿠폰,581810
2026-08-20,일,휴책,입출고비,896563
2026-08-20,일,휴책,수수료,295701
2026-08-21,일,휴책,쿠폰,547700
2026-08-21,일,휴책,입출고비,673690
2026-08-21,일,휴책,수수료,280129
2026-08-22,일,휴책,쿠폰,419020
2026-08-22,일,휴책,입출고비,614284
2026-08-22,일,휴책,수수료,210796
2026-08-23,일,휴책,쿠폰,603440
2026-08-23,일,휴책,입출고비,634761
2026-08-23,일,휴책,수수료,300882
2026-08-24,일,휴책,쿠폰,1771770
2026-08-24,일,휴책,입출고비,802511
2026-08-24,일,휴책,수수료,354876
2026-08-25,일,휴책,쿠폰,1113250
2026-08-25,일,휴책,입출고비,959119
2026-08-25,일,휴책,수수료,345188
2026-08-26,일,휴책,쿠폰,1139690
2026-08-26,일,휴책,입출고비,872649
2026-08-26,일,휴책,수수료,377788
2026-08-27,일,휴책,쿠폰,1165220
2026-08-27,일,휴책,입출고비,932868
2026-08-27,일,휴책,수수료,374030
2026-08-28,일,휴책,쿠폰,918870
2026-08-28,일,휴책,입출고비,1021092
2026-08-28,일,휴책,수수료,299940
2026-08-29,일,휴책,쿠폰,921620
2026-08-29,일,휴책,입출고비,730238
2026-08-29,일,휴책,수수료,301534
2026-08-30,일,휴책,쿠폰,940170
2026-08-30,일,휴책,입출고비,883386
2026-08-30,일,휴책,수수료,305703
2026-08-31,일,휴책,쿠폰,379330
2026-08-31,일,휴책,입출고비,563187
2026-08-31,일,휴책,수수료,211176
2026-09-01,일,휴책,쿠폰,726450
2026-09-01,일,휴책,입출고비,708326
2026-09-01,일,휴책,수수료,379909
2026-01,월,휴책,쿠폰,356110
2026-01,월,휴책,입출고비,3798883
2026-01,월,휴책,수수료,1590763
2026-02,월,휴책,쿠폰,361110
2026-02,월,휴책,입출고비,2859244
2026-02,월,휴책,수수료,1245998
2026-03,월,휴책,쿠폰,1137940
2026-03,월,휴책,입출고비,6730832
2026-03,월,휴책,수수료,3058017
2026-04,월,휴책,쿠폰,662235
2026-04,월,휴책,입출고비,7755875
2026-04,월,휴책,수수료,3425063
2026-05,월,휴책,쿠폰,5113805
2026-05,월,휴책,입출고비,7899674
2026-05,월,휴책,수수료,3284153
2026-06,월,휴책,쿠폰,16292560
2026-06,월,휴책,입출고비,17277847
2026-06,월,휴책,수수료,7052588
