날짜,채널,계정,주문,판매량,총매출,원가,원가추정,원가미상수량,방문자,조회,장바구니
2026-01-01,쿠팡,올투게더나우,33,33,427730,102440,1,0,398,569,55
2026-01-02,쿠팡,올투게더나우,29,30,474800,113713,1,0,345,527,46
2026-01-03,쿠팡,올투게더나우,28,28,382690,91653,1,0,294,453,37
2026-01-04,쿠팡,올투게더나우,23,24,314020,75207,1,0,395,595,35
2026-01-05,쿠팡,올투게더나우,33,33,429630,102895,1,0,377,573,49
2026-01-06,쿠팡,올투게더나우,45,47,637670,152720,1,0,401,656,57
2026-01-07,쿠팡,올투게더나우,24,24,317150,75957,1,0,401,589,47
2026-01-08,쿠팡,올투게더나우,46,48,568790,136224,1,0,390,616,42
2026-01-09,쿠팡,올투게더나우,38,39,536960,128601,1,0,404,624,44
2026-01-10,쿠팡,올투게더나우,23,23,340130,81460,1,0,431,632,51
2026-01-11,쿠팡,올투게더나우,37,39,533900,127868,1,0,439,632,69
2026-01-12,쿠팡,올투게더나우,35,36,468600,112229,1,0,404,614,46
2026-01-13,쿠팡,올투게더나우,38,41,595420,142602,1,0,458,690,57
2026-01-14,쿠팡,올투게더나우,51,56,697450,167038,1,0,445,684,59
2026-01-15,쿠팡,올투게더나우,38,39,535150,128167,1,0,400,604,40
2026-01-16,쿠팡,올투게더나우,41,41,518600,124203,1,0,513,829,63
2026-01-17,쿠팡,올투게더나우,41,44,532460,127523,1,0,504,788,59
2026-01-18,쿠팡,올투게더나우,49,49,641940,153743,1,0,444,661,57
2026-01-19,쿠팡,올투게더나우,46,47,595620,142650,1,0,452,678,76
2026-01-20,쿠팡,올투게더나우,57,60,754350,180665,1,0,463,725,69
2026-01-21,쿠팡,올투게더나우,49,50,663310,158861,1,0,487,734,67
2026-01-22,쿠팡,올투게더나우,58,58,831490,199140,1,0,437,723,46
2026-01-23,쿠팡,올투게더나우,34,36,426710,102196,1,0,405,625,48
2026-01-24,쿠팡,올투게더나우,35,36,420540,100718,1,0,452,678,52
2026-01-25,쿠팡,올투게더나우,41,42,514370,123190,1,0,454,689,71
2026-01-26,쿠팡,올투게더나우,46,48,543600,130191,1,0,433,687,57
2026-01-27,쿠팡,올투게더나우,57,57,759500,181898,1,0,485,754,47
2026-01-28,쿠팡,올투게더나우,57,62,724540,173526,1,0,494,771,68
2026-01-29,쿠팡,올투게더나우,40,41,531380,127264,1,0,422,663,60
2026-01-30,쿠팡,올투게더나우,39,40,503870,120676,1,0,399,667,66
2026-01-31,쿠팡,올투게더나우,35,38,490350,117438,1,0,475,726,59
2026-02-01,쿠팡,올투게더나우,36,37,453090,108514,1,0,437,671,45
2026-02-02,쿠팡,올투게더나우,47,51,614030,147059,1,0,432,661,44
2026-02-03,쿠팡,올투게더나우,58,58,773190,185177,1,0,466,743,60
2026-02-04,쿠팡,올투게더나우,51,54,659820,158025,1,0,465,706,53
2026-02-05,쿠팡,올투게더나우,46,46,601020,143943,1,0,439,666,44
2026-02-06,쿠팡,올투게더나우,41,41,492560,117967,1,0,424,663,63
2026-02-07,쿠팡,올투게더나우,39,39,499430,119612,1,0,410,608,55
2026-02-08,쿠팡,올투게더나우,28,29,388120,92954,1,0,402,635,42
2026-02-09,쿠팡,올투게더나우,35,38,402570,96415,1,0,404,648,40
2026-02-10,쿠팡,올투게더나우,49,51,642670,153918,1,0,390,574,43
2026-02-11,쿠팡,올투게더나우,47,50,539350,129173,1,0,403,605,52
2026-02-12,쿠팡,올투게더나우,50,56,806480,193150,1,0,415,644,63
2026-02-13,쿠팡,올투게더나우,44,45,563640,134990,1,0,364,567,58
2026-02-14,쿠팡,올투게더나우,27,29,352640,84456,1,0,393,584,44
2026-02-15,쿠팡,올투게더나우,29,30,356600,85405,1,0,365,532,52
2026-02-16,쿠팡,올투게더나우,19,22,265240,63524,1,0,353,516,42
2026-02-17,쿠팡,올투게더나우,31,33,479340,114801,1,0,363,573,39
2026-02-18,쿠팡,올투게더나우,40,41,463330,110966,1,0,427,668,60
2026-02-19,쿠팡,올투게더나우,46,48,583120,139656,1,0,448,675,76
2026-02-20,쿠팡,올투게더나우,59,59,731080,175092,1,0,462,710,66
2026-02-21,쿠팡,올투게더나우,54,56,659950,158056,1,0,532,826,75
2026-02-22,쿠팡,올투게더나우,62,63,784620,187915,1,0,517,767,82
2026-02-23,쿠팡,올투게더나우,62,64,742870,177916,1,0,593,906,87
2026-02-24,쿠팡,올투게더나우,82,84,956280,229027,1,0,624,944,97
2026-02-25,쿠팡,올투게더나우,58,59,645080,154495,1,0,497,781,70
2026-02-26,쿠팡,올투게더나우,73,78,1004200,240504,1,0,575,863,78
2026-02-27,쿠팡,올투게더나우,33,34,429820,102941,1,0,450,662,54
2026-02-28,쿠팡,올투게더나우,49,52,555540,133051,1,0,524,764,84
2026-03-01,쿠팡,올투게더나우,60,63,745900,178641,1,0,544,782,56
2026-03-02,쿠팡,올투게더나우,60,63,701890,168101,1,0,595,898,90
2026-03-03,쿠팡,올투게더나우,48,54,609260,145916,1,0,524,729,85
2026-03-04,쿠팡,올투게더나우,82,85,1051920,251932,1,0,602,869,88
2026-03-05,쿠팡,올투게더나우,74,80,1077710,258109,1,0,612,871,81
2026-03-06,쿠팡,올투게더나우,51,53,622780,149154,1,0,618,901,84
2026-03-07,쿠팡,올투게더나우,40,42,422260,101130,1,0,604,865,80
2026-03-08,쿠팡,올투게더나우,67,76,882480,211352,1,0,692,1056,99
2026-03-09,쿠팡,올투게더나우,51,62,668540,160114,1,0,576,901,75
2026-03-10,쿠팡,올투게더나우,57,68,723080,173176,1,0,576,856,73
2026-03-11,쿠팡,올투게더나우,49,53,547650,131161,1,0,577,855,70
2026-03-12,쿠팡,올투게더나우,55,62,737310,176584,1,0,517,802,55
2026-03-13,쿠팡,올투게더나우,23,24,261080,62528,1,0,382,543,45
2026-03-14,쿠팡,올투게더나우,52,59,669000,160224,1,0,561,876,69
2026-03-15,쿠팡,올투게더나우,68,77,862600,206591,1,0,645,1033,87
2026-03-16,쿠팡,올투게더나우,52,58,685770,164240,1,0,599,930,100
2026-03-17,쿠팡,올투게더나우,60,64,821800,196819,1,0,568,805,60
2026-03-18,쿠팡,올투게더나우,45,46,580330,138988,1,0,579,812,79
2026-03-19,쿠팡,올투게더나우,62,63,872230,208897,1,0,601,893,77
2026-03-20,쿠팡,올투게더나우,39,39,552350,132287,1,0,502,725,53
2026-03-21,쿠팡,올투게더나우,33,35,525970,125969,1,0,550,777,65
2026-03-22,쿠팡,올투게더나우,43,43,570570,136650,1,0,519,733,58
2026-03-23,쿠팡,올투게더나우,47,47,604550,144788,1,0,502,762,66
2026-03-24,쿠팡,올투게더나우,52,53,724570,173533,1,0,544,789,75
2026-03-25,쿠팡,올투게더나우,41,41,530650,127089,1,0,569,856,62
2026-03-26,쿠팡,올투게더나우,56,58,725400,173732,1,0,581,795,71
2026-03-27,쿠팡,올투게더나우,47,48,686700,164463,1,0,505,747,59
2026-03-28,쿠팡,올투게더나우,34,35,492800,118024,1,0,580,828,60
2026-03-29,쿠팡,올투게더나우,32,32,431450,103331,1,0,596,870,64
2026-03-30,쿠팡,올투게더나우,38,38,513700,123030,1,0,606,889,74
2026-03-31,쿠팡,올투게더나우,50,52,733800,175743,1,0,631,889,71
2026-04-01,쿠팡,올투게더나우,63,67,883170,211517,1,0,676,961,105
2026-04-02,쿠팡,올투게더나우,55,55,765770,183400,1,0,559,778,77
2026-04-03,쿠팡,올투게더나우,57,63,883250,211536,1,0,593,840,81
2026-04-04,쿠팡,올투게더나우,36,36,519450,124407,1,0,560,801,64
2026-04-05,쿠팡,올투게더나우,48,49,736920,176491,1,0,553,734,80
2026-04-06,쿠팡,올투게더나우,45,47,645420,154577,1,0,568,814,66
2026-04-07,쿠팡,올투게더나우,55,55,846450,202723,1,0,571,774,62
2026-04-08,쿠팡,올투게더나우,59,60,847050,202866,1,0,634,927,65
2026-04-09,쿠팡,올투게더나우,55,58,848200,203142,1,0,714,1038,76
2026-04-10,쿠팡,올투게더나우,40,43,536720,128543,1,0,639,918,66
2026-04-11,쿠팡,올투게더나우,34,35,522950,125245,1,0,654,909,71
2026-04-12,쿠팡,올투게더나우,39,40,649750,155614,1,0,754,1033,75
2026-04-13,쿠팡,올투게더나우,42,42,551200,132011,1,0,687,923,61
2026-04-14,쿠팡,올투게더나우,47,49,683900,163792,1,0,712,1026,97
2026-04-15,쿠팡,올투게더나우,47,47,664100,159050,1,0,634,915,75
2026-04-16,쿠팡,올투게더나우,50,51,712650,170678,1,0,566,785,82
2026-04-17,쿠팡,올투게더나우,42,43,647970,155187,1,0,531,800,66
2026-04-18,쿠팡,올투게더나우,45,45,618350,148093,1,0,546,781,67
2026-04-19,쿠팡,올투게더나우,40,42,632900,151578,1,0,622,880,64
2026-04-20,쿠팡,올투게더나우,57,59,777250,186150,1,0,753,1063,78
2026-04-21,쿠팡,올투게더나우,59,67,954800,228672,1,0,649,943,64
2026-04-22,쿠팡,올투게더나우,52,57,784020,187771,1,0,659,923,73
2026-04-23,쿠팡,올투게더나우,49,51,712320,170599,1,0,597,846,56
2026-04-24,쿠팡,올투게더나우,36,38,481600,115342,1,0,564,804,72
2026-04-25,쿠팡,올투게더나우,36,37,450950,108001,1,0,594,839,70
2026-04-26,쿠팡,올투게더나우,57,62,889000,212913,1,0,714,1030,88
2026-04-27,쿠팡,올투게더나우,65,67,903300,216338,1,0,650,931,81
2026-04-28,쿠팡,올투게더나우,59,60,828150,198340,1,0,625,913,90
2026-04-29,쿠팡,올투게더나우,44,47,632900,151578,1,0,639,879,79
2026-04-30,쿠팡,올투게더나우,37,41,562250,134658,1,0,569,794,67
2026-05-01,쿠팡,올투게더나우,39,40,521720,124951,1,0,532,742,83
2026-05-02,쿠팡,올투게더나우,28,30,342000,81908,1,0,549,754,66
2026-05-03,쿠팡,올투게더나우,53,59,784450,187874,1,0,569,819,70
2026-05-04,쿠팡,올투게더나우,53,55,669300,160296,1,0,531,724,92
2026-05-05,쿠팡,올투게더나우,55,56,669950,160451,1,0,585,836,78
2026-05-06,쿠팡,올투게더나우,77,84,1067450,255652,1,0,711,936,78
2026-05-07,쿠팡,올투게더나우,63,72,892500,213752,1,0,718,1014,98
2026-05-08,쿠팡,올투게더나우,55,57,762750,182677,1,0,612,877,70
2026-05-09,쿠팡,올투게더나우,44,45,577700,138358,1,0,717,1004,102
2026-05-10,쿠팡,올투게더나우,46,47,649390,155527,1,0,749,1022,86
2026-05-11,쿠팡,올투게더나우,85,87,1214200,290798,1,0,782,1128,99
2026-05-12,쿠팡,올투게더나우,74,76,975040,233520,1,0,787,1150,81
2026-05-13,쿠팡,올투게더나우,86,89,1126780,269861,1,0,798,1085,86
2026-05-14,쿠팡,올투게더나우,83,85,1043950,250024,1,0,830,1178,95
2026-05-15,쿠팡,올투게더나우,42,45,551800,132155,1,0,667,940,80
2026-05-16,쿠팡,올투게더나우,43,43,596970,142973,1,0,692,948,86
2026-05-17,쿠팡,올투게더나우,70,77,960310,229992,1,0,812,1146,121
2026-05-18,쿠팡,올투게더나우,62,64,749550,179515,1,0,907,1263,100
2026-05-19,쿠팡,올투게더나우,88,89,1236200,296067,1,0,870,1255,113
2026-05-20,쿠팡,올투게더나우,70,71,983000,235426,1,0,788,1050,89
2026-05-21,쿠팡,올투게더나우,46,48,532950,127640,1,0,696,981,69
2026-05-22,쿠팡,올투게더나우,66,68,812170,194513,1,0,669,945,82
2026-05-23,쿠팡,올투게더나우,48,53,627230,150220,1,0,663,905,71
2026-05-24,쿠팡,올투게더나우,58,60,763250,182797,1,0,677,924,95
2026-05-25,쿠팡,올투게더나우,85,87,1061650,254263,1,0,740,1009,104
2026-05-26,쿠팡,올투게더나우,80,81,987200,236432,1,0,681,992,89
2026-05-27,쿠팡,올투게더나우,80,83,1047220,250807,1,0,750,1077,94
2026-05-28,쿠팡,올투게더나우,86,88,1068600,255927,1,0,707,1025,95
2026-05-29,쿠팡,올투게더나우,69,71,966220,231407,1,0,702,1019,81
2026-05-30,쿠팡,올투게더나우,63,63,827400,198160,1,0,821,1132,87
2026-05-31,쿠팡,올투게더나우,72,80,1009200,241701,1,0,848,1186,96
2026-06-01,쿠팡,올투게더나우,83,88,1036500,248239,1,0,851,1246,99
2026-06-02,쿠팡,올투게더나우,65,66,820250,196448,1,0,829,1235,93
2026-06-03,쿠팡,올투게더나우,80,83,1012400,242467,1,0,843,1221,84
2026-06-04,쿠팡,올투게더나우,62,63,750950,179851,1,0,803,1245,102
2026-06-05,쿠팡,올투게더나우,44,46,569520,136399,1,0,688,1125,81
2026-06-06,쿠팡,올투게더나우,66,68,817940,195895,1,0,599,822,95
2026-06-07,쿠팡,올투게더나우,69,69,873800,209273,1,0,760,1293,81
2026-06-08,쿠팡,올투게더나우,77,79,998620,239167,1,0,754,1205,87
2026-06-09,쿠팡,올투게더나우,75,77,948400,227140,1,0,850,1325,110
2026-06-10,쿠팡,올투게더나우,62,74,791100,189467,1,0,730,1101,101
2026-06-11,쿠팡,올투게더나우,64,70,902900,216242,1,0,691,1021,110
2026-06-12,쿠팡,올투게더나우,55,56,691170,165534,1,0,699,1012,92
2026-06-13,쿠팡,올투게더나우,34,39,460900,110384,1,0,707,983,93
2026-06-14,쿠팡,올투게더나우,67,68,901500,215907,1,0,786,1100,105
2026-06-15,쿠팡,올투게더나우,75,110,1489450,356720,1,0,707,1062,98
2026-06-16,쿠팡,올투게더나우,82,89,1029800,246635,1,0,769,1377,124
2026-06-17,쿠팡,올투게더나우,70,72,925200,221583,1,0,740,1123,83
2026-06-18,쿠팡,올투게더나우,53,55,646100,154739,1,0,697,1036,81
2026-06-19,쿠팡,올투게더나우,35,34,380100,91033,1,0,526,783,57
2026-06-20,쿠팡,올투게더나우,40,43,530500,127053,1,0,699,1037,100
2026-06-21,쿠팡,올투게더나우,48,52,660900,158284,1,0,672,1039,68
2026-06-22,쿠팡,올투게더나우,54,55,797400,190975,1,0,688,990,63
2026-06-23,쿠팡,올투게더나우,45,46,628080,150424,1,0,565,818,63
2026-06-24,쿠팡,올투게더나우,22,24,473000,113282,1,0,372,505,37
2026-06-25,쿠팡,올투게더나우,11,10,171500,41074,1,0,401,567,28
2026-06-26,쿠팡,올투게더나우,11,10,162000,38799,1,0,380,520,30
2026-06-27,쿠팡,올투게더나우,17,18,312800,74915,1,0,419,563,34
2026-06-28,쿠팡,올투게더나우,16,16,307600,73669,1,0,342,496,36
2026-06-29,쿠팡,올투게더나우,13,14,335600,80375,1,0,336,435,25
2026-06-30,쿠팡,올투게더나우,15,15,249840,59836,1,0,342,508,28
2026-07-01,쿠팡,올투게더나우,19,22,466370,101900,0,0,339,489,31
2026-07-02,쿠팡,올투게더나우,10,10,175900,43800,0,0,300,443,31
2026-07-03,쿠팡,올투게더나우,6,6,101300,26700,0,0,262,432,20
2026-07-04,쿠팡,올투게더나우,3,3,66700,26100,0,0,303,484,25
2026-07-05,쿠팡,올투게더나우,10,10,228800,53800,0,0,288,396,26
2026-07-06,쿠팡,올투게더나우,10,11,175700,40600,0,0,219,332,12
2026-07-07,쿠팡,올투게더나우,7,9,157000,42900,0,0,229,319,22
2026-07-08,쿠팡,올투게더나우,19,21,352370,79200,0,0,232,350,15
2026-07-09,쿠팡,올투게더나우,9,9,197650,57600,0,0,236,306,19
2026-07-10,쿠팡,올투게더나우,9,19,350600,126600,0,0,229,295,18
2026-07-11,쿠팡,올투게더나우,17,18,331300,78500,0,0,286,418,27
2026-07-12,쿠팡,올투게더나우,12,12,227100,50700,0,0,288,379,10
2026-07-13,쿠팡,올투게더나우,7,9,186870,69400,0,0,0,0,0
2026-07-14,쿠팡,올투게더나우,10,10,158570,36600,0,0,0,0,0
2026-07-15,쿠팡,올투게더나우,5,5,104200,32500,0,0,0,0,0
2026-07-16,쿠팡,올투게더나우,9,9,194900,47600,0,0,259,328,35
2026-07-17,쿠팡,올투게더나우,15,15,267600,65600,0,0,278,385,22
2026-07-18,쿠팡,올투게더나우,4,4,51300,15600,0,0,309,397,27
2026-07-19,쿠팡,올투게더나우,15,15,338900,84700,0,0,318,436,27
2026-07-20,쿠팡,올투게더나우,13,13,240300,59300,0,0,257,370,30
2026-07-21,쿠팡,올투게더나우,9,9,208800,47400,0,0,273,360,32
2026-07-22,쿠팡,올투게더나우,12,12,237400,61700,0,0,306,418,30
2026-07-23,쿠팡,올투게더나우,20,22,401750,81100,0,0,0,0,0
2026-07-24,쿠팡,올투게더나우,7,7,153700,39500,0,0,270,349,24
2026-07-25,쿠팡,올투게더나우,13,13,291580,58700,0,0,310,394,28
2026-07-26,쿠팡,올투게더나우,12,12,271300,69600,0,0,263,348,21
2026-07-27,쿠팡,올투게더나우,3,4,109600,29900,0,0,270,329,15
2026-07-28,쿠팡,올투게더나우,14,15,250270,60200,0,0,295,383,36
2026-07-29,쿠팡,올투게더나우,14,14,252300,66200,0,0,286,372,35
2026-07-30,쿠팡,올투게더나우,12,12,185570,35600,0,0,254,339,35
2026-07-31,쿠팡,올투게더나우,8,10,171200,46700,0,0,220,293,26
2026-08-01,쿠팡,올투게더나우,12,12,216600,48000,0,0,235,293,27
2026-08-02,쿠팡,올투게더나우,11,11,205000,52200,0,0,289,373,25
2026-08-03,쿠팡,올투게더나우,12,12,243100,37600,0,0,218,300,22
2026-08-04,쿠팡,올투게더나우,12,14,320100,60300,0,0,264,342,21
2026-08-05,쿠팡,올투게더나우,17,18,327600,60700,0,0,295,402,29
2026-08-06,쿠팡,올투게더나우,10,11,147100,48100,0,0,260,374,29
2026-08-07,쿠팡,올투게더나우,10,11,220600,46800,0,1,259,332,23
2026-08-08,쿠팡,올투게더나우,4,4,81600,23500,0,0,279,355,25
2026-08-09,쿠팡,올투게더나우,6,6,128300,28200,0,0,267,347,22
2026-08-10,쿠팡,올투게더나우,15,16,262800,55800,0,0,324,411,20
2026-08-11,쿠팡,올투게더나우,14,15,308800,74500,0,0,0,0,0
2026-08-12,쿠팡,올투게더나우,14,14,241800,57900,0,0,0,0,0
2026-08-13,쿠팡,올투게더나우,10,10,142850,34900,0,0,276,383,28
2026-08-14,쿠팡,올투게더나우,5,5,95500,21500,0,0,323,515,39
2026-08-15,쿠팡,올투게더나우,12,12,239290,44300,0,2,251,317,21
2026-08-16,쿠팡,올투게더나우,10,11,229300,47900,0,0,293,368,22
2026-08-17,쿠팡,올투게더나우,8,8,176000,42200,0,0,267,351,15
2026-08-18,쿠팡,올투게더나우,11,11,217400,46200,0,0,277,392,29
2026-08-19,쿠팡,올투게더나우,16,17,329310,83100,0,0,293,408,33
2026-08-20,쿠팡,올투게더나우,18,18,367000,88300,0,0,286,389,29
2026-08-21,쿠팡,올투게더나우,14,14,250000,55700,0,0,273,363,24
2026-08-22,쿠팡,올투게더나우,7,7,97500,30500,0,0,265,343,23
2026-08-23,쿠팡,올투게더나우,13,14,276900,59600,0,0,331,446,34
2026-08-24,쿠팡,올투게더나우,10,10,217900,45300,0,0,345,490,35
2026-08-25,쿠팡,올투게더나우,15,15,295200,65900,0,0,323,476,33
2026-08-26,쿠팡,올투게더나우,16,15,332300,75100,0,0,351,460,31
2026-08-27,쿠팡,올투게더나우,11,11,227580,43500,0,0,283,413,29
2026-08-28,쿠팡,올투게더나우,10,12,284000,97300,0,0,281,354,34
2026-08-29,쿠팡,올투게더나우,12,12,213650,46900,0,0,223,290,26
2026-08-30,쿠팡,올투게더나우,9,9,193300,47800,0,0,0,0,0
2026-08-31,쿠팡,올투게더나우,15,15,260000,67200,0,0,297,405,29
2026-09-01,쿠팡,올투게더나우,15,15,338600,74200,0,0,0,0,0
2026-01-01,쿠팡,유큐어,83,83,1181800,341535,1,0,753,1134,108
2026-01-02,쿠팡,유큐어,72,72,1126130,325447,1,0,762,1170,78
2026-01-03,쿠팡,유큐어,72,73,1034370,298929,1,0,713,1090,112
2026-01-04,쿠팡,유큐어,83,84,1235030,356919,1,0,740,1118,94
2026-01-05,쿠팡,유큐어,69,72,966820,279407,1,0,658,970,84
2026-01-06,쿠팡,유큐어,81,84,1224610,353907,1,0,696,1063,95
2026-01-07,쿠팡,유큐어,59,61,768040,221960,1,0,593,845,81
2026-01-08,쿠팡,유큐어,46,47,608940,175981,1,0,517,746,66
2026-01-09,쿠팡,유큐어,51,52,731680,211452,1,0,568,834,93
2026-01-10,쿠팡,유큐어,61,61,914930,264411,1,0,591,857,84
2026-01-11,쿠팡,유큐어,69,73,954950,275977,1,0,658,929,89
2026-01-12,쿠팡,유큐어,54,54,684730,197884,1,0,549,794,72
2026-01-13,쿠팡,유큐어,66,70,936530,270653,1,0,538,774,76
2026-01-14,쿠팡,유큐어,73,77,1079580,311994,1,0,667,986,89
2026-01-15,쿠팡,유큐어,83,83,1194810,345295,1,0,792,1195,103
2026-01-16,쿠팡,유큐어,72,72,1023690,295842,1,0,738,1124,103
2026-01-17,쿠팡,유큐어,83,84,1133130,327470,1,0,777,1111,111
2026-01-18,쿠팡,유큐어,64,64,861500,248970,1,0,694,958,98
2026-01-19,쿠팡,유큐어,58,59,846090,244516,1,0,667,1029,98
2026-01-20,쿠팡,유큐어,84,91,1432590,414013,1,0,706,1091,116
2026-01-21,쿠팡,유큐어,68,69,962200,278072,1,0,704,1043,105
2026-01-22,쿠팡,유큐어,59,59,887710,256545,1,0,677,1048,95
2026-01-23,쿠팡,유큐어,69,70,949200,274315,1,0,641,948,105
2026-01-24,쿠팡,유큐어,87,88,1215790,351358,1,0,729,1118,99
2026-01-25,쿠팡,유큐어,71,73,1045790,302229,1,0,705,1021,98
2026-01-26,쿠팡,유큐어,88,90,1202640,347558,1,0,721,1087,95
2026-01-27,쿠팡,유큐어,70,71,1098760,317537,1,0,730,1078,88
2026-01-28,쿠팡,유큐어,59,60,887900,256599,1,0,672,956,85
2026-01-29,쿠팡,유큐어,44,47,666740,192685,1,0,543,800,59
2026-01-30,쿠팡,유큐어,61,69,950190,274601,1,0,508,803,73
2026-01-31,쿠팡,유큐어,67,68,1011160,292221,1,0,616,947,98
2026-02-01,쿠팡,유큐어,68,68,993460,287106,1,0,662,994,87
2026-02-02,쿠팡,유큐어,69,70,997880,288383,1,0,635,955,80
2026-02-03,쿠팡,유큐어,70,71,1012820,292701,1,0,723,1085,103
2026-02-04,쿠팡,유큐어,64,66,898230,259585,1,0,666,996,92
2026-02-05,쿠팡,유큐어,68,69,1007450,291149,1,0,664,999,98
2026-02-06,쿠팡,유큐어,69,72,1108030,320216,1,0,670,1003,105
2026-02-07,쿠팡,유큐어,53,53,795670,229945,1,0,636,912,79
2026-02-08,쿠팡,유큐어,58,61,949580,274425,1,0,652,935,78
2026-02-09,쿠팡,유큐어,56,56,854100,246831,1,0,624,922,89
2026-02-10,쿠팡,유큐어,64,64,942980,272517,1,0,606,895,88
2026-02-11,쿠팡,유큐어,68,70,962620,278193,1,0,639,919,87
2026-02-12,쿠팡,유큐어,66,67,1036040,299411,1,0,630,908,74
2026-02-13,쿠팡,유큐어,65,66,906540,261986,1,0,579,839,73
2026-02-14,쿠팡,유큐어,59,60,938830,271318,1,0,621,906,90
2026-02-15,쿠팡,유큐어,68,69,1023650,295831,1,0,641,904,87
2026-02-16,쿠팡,유큐어,34,38,630790,182296,1,0,586,888,93
2026-02-17,쿠팡,유큐어,52,54,841100,243074,1,0,583,827,65
2026-02-18,쿠팡,유큐어,74,74,1073720,310301,1,0,686,1038,95
2026-02-19,쿠팡,유큐어,70,71,1135520,328161,1,0,724,1073,111
2026-02-20,쿠팡,유큐어,72,77,1136850,328545,1,0,700,1052,102
2026-02-21,쿠팡,유큐어,74,74,1115160,322277,1,0,740,1095,106
2026-02-22,쿠팡,유큐어,72,73,1112930,321632,1,0,744,1061,105
2026-02-23,쿠팡,유큐어,64,69,905950,261816,1,0,747,1150,96
2026-02-24,쿠팡,유큐어,75,75,1114990,322227,1,0,836,1288,125
2026-02-25,쿠팡,유큐어,74,75,1077070,311269,1,0,836,1279,135
2026-02-26,쿠팡,유큐어,75,76,1121900,324224,1,0,757,1131,100
2026-02-27,쿠팡,유큐어,70,70,1076900,311220,1,0,693,1042,93
2026-02-28,쿠팡,유큐어,60,62,810110,234118,1,0,750,1116,104
2026-03-01,쿠팡,유큐어,98,100,1422280,411033,1,0,794,1193,107
2026-03-02,쿠팡,유큐어,88,90,1247640,360563,1,0,906,1421,151
2026-03-03,쿠팡,유큐어,70,71,1064990,307778,1,0,697,998,89
2026-03-04,쿠팡,유큐어,81,86,1367670,395251,1,0,807,1232,97
2026-03-05,쿠팡,유큐어,88,90,1222130,353190,1,0,841,1300,102
2026-03-06,쿠팡,유큐어,81,82,1219550,352445,1,0,824,1128,90
2026-03-07,쿠팡,유큐어,89,91,1313560,379613,1,0,924,1309,124
2026-03-08,쿠팡,유큐어,89,89,1247910,360641,1,0,865,1239,135
2026-03-09,쿠팡,유큐어,98,103,1476200,426616,1,0,1136,1687,176
2026-03-10,쿠팡,유큐어,94,100,1443650,417209,1,0,1069,1666,203
2026-03-11,쿠팡,유큐어,107,112,1647310,476066,1,0,1235,1933,203
2026-03-12,쿠팡,유큐어,109,110,1547440,447204,1,0,1365,2113,191
2026-03-13,쿠팡,유큐어,107,114,1704760,492669,1,0,1304,2045,232
2026-03-14,쿠팡,유큐어,86,92,1416190,409273,1,0,1048,1706,217
2026-03-15,쿠팡,유큐어,84,84,1306890,377686,1,0,1089,1728,184
2026-03-16,쿠팡,유큐어,97,96,1423970,411521,1,0,1099,1731,217
2026-03-17,쿠팡,유큐어,85,85,1333300,385318,1,0,1163,1683,185
2026-03-18,쿠팡,유큐어,98,101,1581760,457122,1,0,1140,1741,238
2026-03-19,쿠팡,유큐어,80,80,1243050,359236,1,0,1118,1765,221
2026-03-20,쿠팡,유큐어,75,76,968990,280034,1,0,955,1549,240
2026-03-21,쿠팡,유큐어,104,110,1466180,423720,1,0,977,1620,284
2026-03-22,쿠팡,유큐어,86,86,1239590,358236,1,0,1130,1740,255
2026-03-23,쿠팡,유큐어,100,102,1371110,396245,1,0,1122,1657,186
2026-03-24,쿠팡,유큐어,115,169,2660200,768787,1,0,1115,1931,237
2026-03-25,쿠팡,유큐어,123,128,1880720,543520,1,0,1392,2171,208
2026-03-26,쿠팡,유큐어,105,111,1578840,456278,1,0,1178,1921,266
2026-03-27,쿠팡,유큐어,74,75,999670,288900,1,0,1110,1729,211
2026-03-28,쿠팡,유큐어,120,122,1818110,525426,1,0,1025,1775,256
2026-03-29,쿠팡,유큐어,91,93,1419110,410117,1,0,1097,1889,272
2026-03-30,쿠팡,유큐어,92,104,1555220,449452,1,0,1043,1716,250
2026-03-31,쿠팡,유큐어,107,110,1652400,477537,1,0,1164,1882,237
2026-04-01,쿠팡,유큐어,121,122,1740160,502899,1,0,1142,1844,265
2026-04-02,쿠팡,유큐어,105,105,1534000,443320,1,0,1063,1660,181
2026-04-03,쿠팡,유큐어,108,115,1711040,494483,1,0,1242,1795,170
2026-04-04,쿠팡,유큐어,115,117,1705490,492880,1,0,1221,1830,179
2026-04-05,쿠팡,유큐어,85,86,1274400,368296,1,0,1183,1826,200
2026-04-06,쿠팡,유큐어,91,94,1436550,415157,1,0,1217,1878,223
2026-04-07,쿠팡,유큐어,97,98,1524030,440438,1,0,1146,1721,162
2026-04-08,쿠팡,유큐어,104,107,1553730,449022,1,0,1175,1731,144
2026-04-09,쿠팡,유큐어,70,75,1212690,350462,1,0,1103,1606,141
2026-04-10,쿠팡,유큐어,93,96,1458580,421524,1,0,1293,1825,116
2026-04-11,쿠팡,유큐어,109,111,1709640,494079,1,0,1306,2641,505
2026-04-12,쿠팡,유큐어,101,102,1626800,470138,1,0,1476,2985,532
2026-04-13,쿠팡,유큐어,139,140,2293790,662896,1,0,1616,3291,586
2026-04-14,쿠팡,유큐어,151,155,2465540,712531,1,0,1751,3521,613
2026-04-15,쿠팡,유큐어,127,134,2115230,611293,1,0,1692,3541,634
2026-04-16,쿠팡,유큐어,98,105,1677550,484805,1,0,1250,1735,138
2026-04-17,쿠팡,유큐어,72,72,1204980,348234,1,0,1255,2932,514
2026-04-18,쿠팡,유큐어,74,74,1227000,354598,1,0,1067,2906,603
2026-04-19,쿠팡,유큐어,89,90,1517520,438557,1,0,1154,2889,627
2026-04-20,쿠팡,유큐어,91,94,1639150,473708,1,0,1343,2985,625
2026-04-21,쿠팡,유큐어,117,119,1851120,534966,1,0,1314,2875,593
2026-04-22,쿠팡,유큐어,104,109,1665620,481357,1,0,1366,2609,766
2026-04-23,쿠팡,유큐어,83,84,1333540,385388,1,0,1245,1685,109
2026-04-24,쿠팡,유큐어,94,95,1613430,466275,1,0,1272,1800,129
2026-04-25,쿠팡,유큐어,85,86,1374970,397361,1,0,1095,1519,123
2026-04-26,쿠팡,유큐어,84,86,1514250,437612,1,0,1191,1619,128
2026-04-27,쿠팡,유큐어,107,108,1811600,523545,1,0,1237,1780,135
2026-04-28,쿠팡,유큐어,75,76,1285190,371415,1,0,1241,1716,129
2026-04-29,쿠팡,유큐어,82,85,1387030,400846,1,0,1350,1799,183
2026-04-30,쿠팡,유큐어,83,83,1382470,399528,1,0,1087,1568,136
2026-05-01,쿠팡,유큐어,74,74,1235780,357135,1,0,1456,1948,161
2026-05-02,쿠팡,유큐어,75,78,1472210,425463,1,0,1169,1618,151
2026-05-03,쿠팡,유큐어,91,92,1417010,409510,1,0,1356,1790,167
2026-05-04,쿠팡,유큐어,89,91,1407330,406713,1,0,1406,1887,152
2026-05-05,쿠팡,유큐어,118,123,2000570,578156,1,0,1651,2251,229
2026-05-06,쿠팡,유큐어,103,106,1753170,506659,1,0,1617,2161,218
2026-05-07,쿠팡,유큐어,78,78,1238930,358046,1,0,1579,2108,335
2026-05-08,쿠팡,유큐어,94,96,1574760,455099,1,0,1331,1820,334
2026-05-09,쿠팡,유큐어,91,94,1525120,440753,1,0,1410,1971,354
2026-05-10,쿠팡,유큐어,93,96,1587950,458911,1,0,1685,2224,372
2026-05-11,쿠팡,유큐어,102,103,1597300,461613,1,0,1538,2213,367
2026-05-12,쿠팡,유큐어,91,92,1485710,429364,1,0,1534,2157,395
2026-05-13,쿠팡,유큐어,106,109,1771380,511921,1,0,1606,2179,378
2026-05-14,쿠팡,유큐어,82,84,1189710,343821,1,0,1436,1981,354
2026-05-15,쿠팡,유큐어,73,81,1360540,393190,1,0,1394,1848,264
2026-05-16,쿠팡,유큐어,89,91,1479710,427630,1,0,1240,1651,96
2026-05-17,쿠팡,유큐어,88,87,1343570,388286,1,0,1195,1575,134
2026-05-18,쿠팡,유큐어,82,82,1495910,432312,1,0,1185,1643,114
2026-05-19,쿠팡,유큐어,104,106,1742170,503480,1,0,1355,1967,218
2026-05-20,쿠팡,유큐어,92,98,1553360,448915,1,0,1347,1900,158
2026-05-21,쿠팡,유큐어,84,86,1380310,398904,1,0,1331,1861,401
2026-05-22,쿠팡,유큐어,55,63,1014570,293207,1,0,1431,2019,594
2026-05-23,쿠팡,유큐어,69,70,976650,282248,1,0,1353,1853,379
2026-05-24,쿠팡,유큐어,77,78,1202730,347584,1,0,1307,1713,353
2026-05-25,쿠팡,유큐어,74,76,1165900,336940,1,0,1058,1448,305
2026-05-26,쿠팡,유큐어,76,78,1216330,351514,1,0,1272,1744,346
2026-05-27,쿠팡,유큐어,94,94,1490900,430864,1,0,1456,1930,370
2026-05-28,쿠팡,유큐어,77,78,1187810,343272,1,0,1194,1592,376
2026-05-29,쿠팡,유큐어,75,79,1240140,358395,1,0,1337,1778,477
2026-05-30,쿠팡,유큐어,59,59,821060,237283,1,0,1388,1889,548
2026-05-31,쿠팡,유큐어,59,64,1059040,306058,1,0,1477,2232,881
2026-06-01,쿠팡,유큐어,101,103,1721180,497414,1,0,1501,2301,809
2026-06-02,쿠팡,유큐어,93,95,1357460,392300,1,0,1352,1924,485
2026-06-03,쿠팡,유큐어,74,74,1052410,304142,1,0,1303,1781,183
2026-06-04,쿠팡,유큐어,92,92,1405870,406291,1,0,1286,1734,178
2026-06-05,쿠팡,유큐어,67,69,1075290,310754,1,0,1176,1646,208
2026-06-06,쿠팡,유큐어,63,64,909420,262819,1,0,1310,1793,376
2026-06-07,쿠팡,유큐어,64,64,1003660,290054,1,0,1523,2181,539
2026-06-08,쿠팡,유큐어,78,80,1208300,349194,1,0,1173,1672,173
2026-06-09,쿠팡,유큐어,78,79,1305770,377362,1,0,1301,1958,280
2026-06-10,쿠팡,유큐어,74,76,1076950,311234,1,0,1473,2074,302
2026-06-11,쿠팡,유큐어,65,67,1066680,308266,1,0,1373,2103,343
2026-06-12,쿠팡,유큐어,63,64,1027090,296825,1,0,1309,1836,280
2026-06-13,쿠팡,유큐어,74,75,1147800,331709,1,0,1281,1782,232
2026-06-14,쿠팡,유큐어,52,52,821580,237433,1,0,1160,1478,153
2026-06-15,쿠팡,유큐어,77,78,1217560,351870,1,0,1240,1776,265
2026-06-16,쿠팡,유큐어,64,95,1549080,447678,1,0,1011,1410,94
2026-06-17,쿠팡,유큐어,75,74,1148510,331915,1,0,843,1317,102
2026-06-18,쿠팡,유큐어,82,84,1286790,371877,1,0,853,1233,91
2026-06-19,쿠팡,유큐어,67,69,999040,288718,1,0,845,1151,89
2026-06-20,쿠팡,유큐어,51,51,716020,206927,1,0,922,1274,74
2026-06-21,쿠팡,유큐어,66,67,1073080,310116,1,0,909,1263,84
2026-06-22,쿠팡,유큐어,83,87,1302340,376371,1,0,910,1293,106
2026-06-23,쿠팡,유큐어,79,79,1194650,345249,1,0,1043,1467,177
2026-06-24,쿠팡,유큐어,81,83,1241000,358644,1,0,1042,1498,182
2026-06-25,쿠팡,유큐어,55,55,818890,236656,1,0,855,1282,188
2026-06-26,쿠팡,유큐어,55,55,803850,232309,1,0,918,1289,174
2026-06-27,쿠팡,유큐어,60,61,945950,273376,1,0,981,1424,166
2026-06-28,쿠팡,유큐어,50,51,712360,205869,1,0,1049,1412,148
2026-06-29,쿠팡,유큐어,64,69,1056750,305396,1,0,787,1225,175
2026-06-30,쿠팡,유큐어,72,75,1186140,342790,1,0,867,1302,157
2026-07-01,쿠팡,유큐어,61,61,906140,260100,0,0,883,1269,165
2026-07-02,쿠팡,유큐어,65,65,1038130,300450,0,0,834,1238,176
2026-07-03,쿠팡,유큐어,75,76,1173070,342940,0,0,839,1259,169
2026-07-04,쿠팡,유큐어,57,58,853450,253600,0,0,873,1301,159
2026-07-05,쿠팡,유큐어,51,54,868460,248340,0,0,735,1076,152
2026-07-06,쿠팡,유큐어,74,76,1057070,316700,0,0,771,1185,149
2026-07-07,쿠팡,유큐어,68,67,964810,272000,0,0,847,1218,171
2026-07-08,쿠팡,유큐어,57,57,844110,255600,0,0,880,1303,172
2026-07-09,쿠팡,유큐어,50,50,739900,208140,0,0,929,1334,158
2026-07-10,쿠팡,유큐어,66,67,1081130,306240,0,0,916,1275,162
2026-07-11,쿠팡,유큐어,64,65,961450,285200,0,0,941,1363,153
2026-07-12,쿠팡,유큐어,70,71,1134050,319940,0,0,0,0,0
2026-07-13,쿠팡,유큐어,71,72,1074090,315800,0,0,0,0,0
2026-07-14,쿠팡,유큐어,53,54,914140,257200,0,0,0,0,0
2026-07-15,쿠팡,유큐어,60,61,1027640,299400,0,0,0,0,0
2026-07-16,쿠팡,유큐어,70,70,1058870,287640,0,0,750,1043,89
2026-07-17,쿠팡,유큐어,51,52,764720,221800,0,0,580,854,70
2026-07-18,쿠팡,유큐어,55,57,874140,249700,0,0,873,1203,100
2026-07-19,쿠팡,유큐어,65,69,1124330,304300,0,0,666,961,86
2026-07-20,쿠팡,유큐어,57,57,884700,257540,0,0,811,1200,106
2026-07-21,쿠팡,유큐어,53,55,798880,231000,0,0,741,1011,91
2026-07-22,쿠팡,유큐어,53,55,917880,262740,0,0,895,1259,100
2026-07-23,쿠팡,유큐어,59,60,882820,245000,0,0,0,0,0
2026-07-24,쿠팡,유큐어,63,64,998260,290440,0,0,902,1295,73
2026-07-25,쿠팡,유큐어,66,68,1033250,329240,0,0,927,1304,111
2026-07-26,쿠팡,유큐어,60,60,938510,278800,0,0,851,1176,85
2026-07-27,쿠팡,유큐어,63,64,968030,285700,0,0,864,1187,72
2026-07-28,쿠팡,유큐어,51,51,812260,258800,0,0,872,1151,90
2026-07-29,쿠팡,유큐어,65,65,976930,285600,0,0,819,1106,79
2026-07-30,쿠팡,유큐어,63,64,957770,298000,0,0,830,1193,96
2026-07-31,쿠팡,유큐어,65,66,1038750,313700,0,0,865,1147,80
2026-08-01,쿠팡,유큐어,70,71,1106420,316140,0,0,949,1301,93
2026-08-02,쿠팡,유큐어,63,66,1048280,309100,0,0,1042,1374,104
2026-08-03,쿠팡,유큐어,65,65,1009580,290900,0,0,847,1159,83
2026-08-04,쿠팡,유큐어,55,56,859910,247940,0,0,914,1280,94
2026-08-05,쿠팡,유큐어,50,50,744870,232700,0,0,827,1157,81
2026-08-06,쿠팡,유큐어,57,58,889920,257500,0,0,749,1047,72
2026-08-07,쿠팡,유큐어,48,49,789140,212400,0,0,713,966,64
2026-08-08,쿠팡,유큐어,28,28,408810,108600,0,0,545,764,66
2026-08-09,쿠팡,유큐어,50,50,848160,240400,0,0,735,994,72
2026-08-10,쿠팡,유큐어,62,63,955070,272000,0,0,818,1154,89
2026-08-11,쿠팡,유큐어,56,56,912580,260100,0,0,0,0,0
2026-08-12,쿠팡,유큐어,55,55,829330,237200,0,0,0,0,0
2026-08-13,쿠팡,유큐어,60,61,953090,276600,0,0,828,1189,90
2026-08-14,쿠팡,유큐어,54,54,855370,237540,0,0,778,1093,87
2026-08-15,쿠팡,유큐어,50,52,723520,203000,0,0,802,1124,77
2026-08-16,쿠팡,유큐어,52,52,843940,238640,0,0,730,1006,73
2026-08-17,쿠팡,유큐어,63,64,1091140,316140,0,0,661,950,96
2026-08-18,쿠팡,유큐어,55,58,954640,277200,0,0,861,1263,91
2026-08-19,쿠팡,유큐어,78,87,1497080,429900,0,0,895,1379,129
2026-08-20,쿠팡,유큐어,62,63,1066540,300400,0,0,831,1186,93
2026-08-21,쿠팡,유큐어,56,57,922450,263400,0,0,761,1135,106
2026-08-22,쿠팡,유큐어,61,64,1108130,316840,0,0,840,1215,85
2026-08-23,쿠팡,유큐어,51,51,766000,244300,0,0,858,1245,94
2026-08-24,쿠팡,유큐어,65,67,1039060,298900,0,0,838,1204,87
2026-08-25,쿠팡,유큐어,76,77,1227030,337900,0,0,887,1249,105
2026-08-26,쿠팡,유큐어,62,63,1033090,287500,0,0,932,1234,94
2026-08-27,쿠팡,유큐어,51,52,850890,240500,0,0,907,1242,104
2026-08-28,쿠팡,유큐어,43,46,738280,217900,0,0,820,1087,72
2026-08-29,쿠팡,유큐어,58,58,893460,259400,0,0,886,1220,93
2026-08-30,쿠팡,유큐어,66,68,1101340,320900,0,0,0,0,0
2026-08-31,쿠팡,유큐어,80,80,1297060,367600,0,0,926,1328,122
2026-09-01,쿠팡,유큐어,78,80,1352650,389700,0,0,0,0,0
2026-01-01,쿠팡,휴책,45,47,824150,161832,1,0,822,2337,1752
2026-01-02,쿠팡,휴책,49,54,976450,191738,1,0,1935,2170,1538
2026-01-03,쿠팡,휴책,43,44,745160,146321,1,0,1990,2193,1586
2026-01-04,쿠팡,휴책,51,53,960260,188558,1,0,2013,2275,1598
2026-01-05,쿠팡,휴책,55,55,1000610,196482,1,0,1976,2207,1576
2026-01-06,쿠팡,휴책,42,43,697560,136974,1,0,2013,2239,1588
2026-01-07,쿠팡,휴책,48,48,907440,178187,1,0,1938,2109,1577
2026-01-08,쿠팡,휴책,35,35,636020,124890,1,0,1943,2149,1578
2026-01-09,쿠팡,휴책,33,33,581620,114208,1,0,1876,2068,1531
2026-01-10,쿠팡,휴책,37,38,700400,137532,1,0,1881,2069,1543
2026-01-11,쿠팡,휴책,27,28,481230,94495,1,0,1886,2058,1549
2026-01-12,쿠팡,휴책,22,22,391650,76905,1,0,1828,2045,1532
2026-01-13,쿠팡,휴책,31,35,611160,120008,1,0,1852,2036,1531
2026-01-14,쿠팡,휴책,33,32,566800,111298,1,0,1995,2283,1544
2026-01-15,쿠팡,휴책,40,41,750370,147344,1,0,2003,2262,1567
2026-01-16,쿠팡,휴책,24,25,476770,93619,1,0,1835,2052,1537
2026-01-17,쿠팡,휴책,30,31,598880,117597,1,0,1898,2109,1576
2026-01-18,쿠팡,휴책,39,39,745820,146451,1,0,384,561,34
2026-01-19,쿠팡,휴책,39,40,811290,159306,1,0,369,556,57
2026-01-20,쿠팡,휴책,40,43,785660,154274,1,0,314,445,50
2026-01-21,쿠팡,휴책,36,42,770480,151293,1,0,326,480,32
2026-01-22,쿠팡,휴책,32,32,640370,125744,1,0,305,469,19
2026-01-23,쿠팡,휴책,30,30,581240,114133,1,0,270,435,28
2026-01-24,쿠팡,휴책,31,32,614150,120596,1,0,286,412,34
2026-01-25,쿠팡,휴책,20,21,348150,68363,1,0,342,495,43
2026-01-26,쿠팡,휴책,38,44,789410,155010,1,0,294,444,39
2026-01-27,쿠팡,휴책,31,31,523850,102864,1,0,329,489,49
2026-01-28,쿠팡,휴책,30,30,497370,97664,1,0,300,444,38
2026-01-29,쿠팡,휴책,31,31,578940,113682,1,0,296,419,51
2026-01-30,쿠팡,휴책,26,26,440980,86592,1,0,268,382,32
2026-01-31,쿠팡,휴책,26,31,490360,96288,1,0,292,447,56
2026-02-01,쿠팡,휴책,43,44,734850,144296,1,0,358,529,50
2026-02-02,쿠팡,휴책,30,30,514190,100967,1,0,356,501,45
2026-02-03,쿠팡,휴책,33,34,531380,104343,1,0,298,426,49
2026-02-04,쿠팡,휴책,16,17,286490,56256,1,0,219,323,36
2026-02-05,쿠팡,휴책,15,16,297500,58418,1,0,196,293,25
2026-02-06,쿠팡,휴책,22,24,357410,70182,1,0,241,373,29
2026-02-07,쿠팡,휴책,19,20,338310,66431,1,0,237,333,27
2026-02-08,쿠팡,휴책,21,23,341040,66967,1,0,233,346,17
2026-02-09,쿠팡,휴책,29,30,531700,104406,1,0,291,406,33
2026-02-10,쿠팡,휴책,35,38,680130,133552,1,0,316,438,45
2026-02-11,쿠팡,휴책,40,46,721540,141683,1,0,343,476,36
2026-02-12,쿠팡,휴책,26,26,420420,82554,1,0,342,484,45
2026-02-13,쿠팡,휴책,24,29,494840,97168,1,0,303,426,30
2026-02-14,쿠팡,휴책,33,33,518460,101806,1,0,332,486,52
2026-02-15,쿠팡,휴책,35,41,662120,130015,1,0,347,498,45
2026-02-16,쿠팡,휴책,29,29,570400,112005,1,0,342,480,50
2026-02-17,쿠팡,휴책,33,33,613340,120437,1,0,352,501,48
2026-02-18,쿠팡,휴책,49,50,902710,177258,1,0,451,666,66
2026-02-19,쿠팡,휴책,36,36,591270,116103,1,0,420,622,59
2026-02-20,쿠팡,휴책,40,41,644580,126571,1,0,463,671,66
2026-02-21,쿠팡,휴책,42,43,780610,153282,1,0,421,613,69
2026-02-22,쿠팡,휴책,21,23,427820,84008,1,0,385,522,54
2026-02-23,쿠팡,휴책,32,33,618050,121361,1,0,365,494,50
2026-02-24,쿠팡,휴책,27,29,456810,89700,1,0,313,459,29
2026-02-25,쿠팡,휴책,26,27,429790,84394,1,0,315,437,32
2026-02-26,쿠팡,휴책,36,37,646940,127034,1,0,366,664,96
2026-02-27,쿠팡,휴책,26,26,432210,84870,1,0,328,505,67
2026-02-28,쿠팡,휴책,17,19,339570,66679,1,0,335,710,173
2026-03-01,쿠팡,휴책,46,48,718160,141019,1,0,454,980,247
2026-03-02,쿠팡,휴책,59,59,1046070,205408,1,0,441,1042,264
2026-03-03,쿠팡,휴책,65,65,1141280,224104,1,0,357,985,276
2026-03-04,쿠팡,휴책,68,79,1308140,256869,1,0,413,1045,284
2026-03-05,쿠팡,휴책,60,63,1013520,199017,1,0,516,1089,248
2026-03-06,쿠팡,휴책,62,61,1108600,217687,1,0,427,911,228
2026-03-07,쿠팡,휴책,39,39,649440,127525,1,0,430,983,300
2026-03-08,쿠팡,휴책,43,43,645230,126699,1,0,443,816,171
2026-03-09,쿠팡,휴책,40,40,699250,137306,1,0,803,1308,258
2026-03-10,쿠팡,휴책,43,54,903070,177328,1,0,685,1107,202
2026-03-11,쿠팡,휴책,50,53,946930,185941,1,0,754,1173,189
2026-03-12,쿠팡,휴책,48,49,802940,157667,1,0,709,1159,174
2026-03-13,쿠팡,휴책,36,39,620350,121813,1,0,706,1186,78
2026-03-14,쿠팡,휴책,48,49,765290,150274,1,0,588,865,97
2026-03-15,쿠팡,휴책,55,65,1073000,210696,1,0,624,860,95
2026-03-16,쿠팡,휴책,50,54,803220,157722,1,0,678,970,98
2026-03-17,쿠팡,휴책,57,60,1057100,207574,1,0,946,1365,91
2026-03-18,쿠팡,휴책,100,103,2042260,401022,1,0,1391,2008,174
2026-03-19,쿠팡,휴책,116,116,2120600,416405,1,0,1381,2019,200
2026-03-20,쿠팡,휴책,65,70,1140480,223947,1,0,1103,1668,173
2026-03-21,쿠팡,휴책,82,87,1670220,327967,1,0,1386,2114,278
2026-03-22,쿠팡,휴책,108,111,2099190,412201,1,0,1649,2560,345
2026-03-23,쿠팡,휴책,87,89,1635600,321169,1,0,1499,2280,246
2026-03-24,쿠팡,휴책,82,84,1325420,260262,1,0,1131,2018,259
2026-03-25,쿠팡,휴책,82,84,1537150,301838,1,0,1257,2004,183
2026-03-26,쿠팡,휴책,72,75,1247770,245014,1,0,991,1741,245
2026-03-27,쿠팡,휴책,69,73,1275780,250514,1,0,1087,1934,300
2026-03-28,쿠팡,휴책,83,90,1494610,293484,1,0,1049,2026,327
2026-03-29,쿠팡,휴책,100,102,1759970,345591,1,0,1212,2243,375
2026-03-30,쿠팡,휴책,75,87,1354600,265992,1,0,1037,1939,314
2026-03-31,쿠팡,휴책,63,63,985640,193542,1,0,1247,2098,316
2026-04-01,쿠팡,휴책,56,57,878560,172516,1,0,903,1578,254
2026-04-02,쿠팡,휴책,49,67,1083190,212697,1,0,695,1149,175
2026-04-03,쿠팡,휴책,60,68,1090150,214064,1,0,832,1852,315
2026-04-04,쿠팡,휴책,90,96,1486000,291794,1,0,1208,2482,398
2026-04-05,쿠팡,휴책,91,94,1581730,310591,1,0,1234,4308,921
2026-04-06,쿠팡,휴책,96,103,1612670,316667,1,0,1187,3187,577
2026-04-07,쿠팡,휴책,94,97,1694310,332698,1,0,1231,3153,591
2026-04-08,쿠팡,휴책,134,142,2456280,482320,1,0,1478,3112,462
2026-04-09,쿠팡,휴책,112,116,2047070,401966,1,0,1384,3004,440
2026-04-10,쿠팡,휴책,87,89,1618780,317867,1,0,1160,2121,252
2026-04-11,쿠팡,휴책,100,102,1700550,333923,1,0,1279,2740,528
2026-04-12,쿠팡,휴책,102,106,1776960,348927,1,0,1504,2973,544
2026-04-13,쿠팡,휴책,73,79,1392590,273452,1,0,1027,2513,556
2026-04-14,쿠팡,휴책,71,73,1283210,251973,1,0,897,2412,568
2026-04-15,쿠팡,휴책,80,88,1527450,299933,1,0,1093,2554,558
2026-04-16,쿠팡,휴책,95,97,1618890,317888,1,0,1250,1909,148
2026-04-17,쿠팡,휴책,90,92,1526920,299829,1,0,1163,2752,489
2026-04-18,쿠팡,휴책,61,63,1006190,197577,1,0,1057,2840,590
2026-04-19,쿠팡,휴책,85,91,1529020,300241,1,0,1274,3061,577
2026-04-20,쿠팡,휴책,51,69,1182950,232286,1,0,956,2484,572
2026-04-21,쿠팡,휴책,53,66,999800,196323,1,0,730,2128,563
2026-04-22,쿠팡,휴책,53,54,908330,178361,1,0,728,1706,705
2026-04-23,쿠팡,휴책,53,56,907960,178289,1,0,630,889,81
2026-04-24,쿠팡,휴책,47,47,739510,145212,1,0,627,943,89
2026-04-25,쿠팡,휴책,56,59,944230,185411,1,0,656,929,88
2026-04-26,쿠팡,휴책,64,68,1178960,231503,1,0,730,982,106
2026-04-27,쿠팡,휴책,74,75,1112780,218508,1,0,847,1177,93
2026-04-28,쿠팡,휴책,68,69,1093190,214661,1,0,844,1205,116
2026-04-29,쿠팡,휴책,78,80,1249430,245340,1,0,1025,1425,169
2026-04-30,쿠팡,휴책,78,84,1381460,271266,1,0,1015,1470,167
2026-05-01,쿠팡,휴책,67,69,1013500,199013,1,0,1186,1557,135
2026-05-02,쿠팡,휴책,71,75,1252820,246006,1,0,1054,1452,172
2026-05-03,쿠팡,휴책,66,68,1096490,215309,1,0,1301,1734,206
2026-05-04,쿠팡,휴책,89,92,1501570,294851,1,0,1005,1422,148
2026-05-05,쿠팡,휴책,112,124,1988940,390552,1,0,1580,2150,247
2026-05-06,쿠팡,휴책,33,43,668400,131248,1,0,922,1193,124
2026-05-07,쿠팡,휴책,19,21,307870,60454,1,0,439,592,91
2026-05-08,쿠팡,휴책,49,53,875660,171946,1,0,467,661,127
2026-05-09,쿠팡,휴책,86,94,1429500,280699,1,0,1287,1813,366
2026-05-10,쿠팡,휴책,120,129,2043680,401301,1,0,1614,2213,409
2026-05-11,쿠팡,휴책,66,79,1378710,270726,1,0,922,1335,318
2026-05-12,쿠팡,휴책,56,59,1095130,215042,1,0,1027,1465,385
2026-05-13,쿠팡,휴책,57,58,958180,188150,1,0,1118,1463,304
2026-05-14,쿠팡,휴책,58,63,1056780,207511,1,0,945,1321,339
2026-05-15,쿠팡,휴책,61,64,1090730,214178,1,0,1031,1353,306
2026-05-16,쿠팡,휴책,49,52,902830,177281,1,0,831,1037,66
2026-05-17,쿠팡,휴책,61,65,1051370,206449,1,0,677,892,70
2026-05-18,쿠팡,휴책,52,52,868670,170574,1,0,788,1075,96
2026-05-19,쿠팡,휴책,66,72,1209680,237535,1,0,927,1343,232
2026-05-20,쿠팡,휴책,68,70,1205660,236746,1,0,1017,1480,164
2026-05-21,쿠팡,휴책,88,96,1650940,324182,1,0,1210,1883,480
2026-05-22,쿠팡,휴책,106,117,2092010,410791,1,0,1283,2133,829
2026-05-23,쿠팡,휴책,93,99,1683710,330616,1,0,1260,1877,564
2026-05-24,쿠팡,휴책,105,107,1905200,374109,1,0,1234,1770,432
2026-05-25,쿠팡,휴책,121,125,2180820,428230,1,0,1188,1831,471
2026-05-26,쿠팡,휴책,85,92,1613470,316824,1,0,1184,1677,420
2026-05-27,쿠팡,휴책,85,89,1519880,298446,1,0,1296,1932,521
2026-05-28,쿠팡,휴책,105,107,1959950,384859,1,0,1272,1851,523
2026-05-29,쿠팡,휴책,117,121,2150440,422264,1,0,1246,2055,761
2026-05-30,쿠팡,휴책,104,108,1905500,374167,1,0,1292,2053,805
2026-05-31,쿠팡,휴책,135,139,2506920,492263,1,0,1492,2828,1339
2026-06-01,쿠팡,휴책,158,166,2907590,570940,1,0,1419,2668,1221
2026-06-02,쿠팡,휴책,125,133,2293960,450446,1,0,1375,2190,695
2026-06-03,쿠팡,휴책,164,171,3016320,592290,1,0,1379,1980,292
2026-06-04,쿠팡,휴책,136,145,2546360,500008,1,0,1292,1854,208
2026-06-05,쿠팡,휴책,129,133,2358070,463035,1,0,1392,2107,310
2026-06-06,쿠팡,휴책,147,159,2830650,555832,1,0,1530,2307,523
2026-06-07,쿠팡,휴책,176,189,3338540,655562,1,0,1686,2940,846
2026-06-08,쿠팡,휴책,152,158,2765030,542946,1,0,1473,2194,308
2026-06-09,쿠팡,휴책,199,208,3708540,728216,1,0,1715,2823,538
2026-06-10,쿠팡,휴책,206,213,3771090,740498,1,0,1771,2824,537
2026-06-11,쿠팡,휴책,222,300,5328010,1046218,1,0,1773,3125,617
2026-06-12,쿠팡,휴책,186,193,3467720,680928,1,0,1612,2706,515
2026-06-13,쿠팡,휴책,208,215,3847150,755433,1,0,1630,2558,355
2026-06-14,쿠팡,휴책,204,220,3904640,766722,1,0,1536,2278,340
2026-06-15,쿠팡,휴책,194,213,3732720,732964,1,0,1657,2593,474
2026-06-16,쿠팡,휴책,200,211,3768660,740021,1,0,1544,2304,223
2026-06-17,쿠팡,휴책,198,208,3682140,723032,1,0,1691,2373,219
2026-06-18,쿠팡,휴책,202,218,3873070,760523,1,0,1432,2103,207
2026-06-19,쿠팡,휴책,123,132,2367100,464808,1,0,1133,1685,157
2026-06-20,쿠팡,휴책,91,95,1741910,342045,1,0,1052,1486,150
2026-06-21,쿠팡,휴책,106,109,2017550,396170,1,0,1169,1671,142
2026-06-22,쿠팡,휴책,155,163,2942180,577732,1,0,1353,2111,190
2026-06-23,쿠팡,휴책,210,231,4347800,853742,1,0,1512,2435,407
2026-06-24,쿠팡,휴책,213,230,4124990,809991,1,0,1458,2463,399
2026-06-25,쿠팡,휴책,175,198,3550440,697171,1,0,1257,2120,375
2026-06-26,쿠팡,휴책,159,162,2979830,585125,1,0,1286,2131,311
2026-06-27,쿠팡,휴책,146,163,2975400,584255,1,0,1359,2142,328
2026-06-28,쿠팡,휴책,185,198,3555330,698131,1,0,1548,2382,336
2026-06-29,쿠팡,휴책,198,209,3812230,748576,1,0,1557,2442,358
2026-06-30,쿠팡,휴책,171,183,3360940,659960,1,0,1246,2146,343
2026-07-01,쿠팡,휴책,195,208,3793880,722700,0,0,1200,2049,345
2026-07-02,쿠팡,휴책,207,218,3941870,760000,0,0,1212,2098,340
2026-07-03,쿠팡,휴책,206,218,4004320,753700,0,0,1337,2241,341
2026-07-04,쿠팡,휴책,154,163,2941220,572600,0,0,1195,1919,296
2026-07-05,쿠팡,휴책,134,140,2454210,465700,0,0,885,1375,266
2026-07-06,쿠팡,휴책,214,225,4073180,773700,0,0,1135,1917,313
2026-07-07,쿠팡,휴책,225,244,4454290,845700,0,0,1359,2254,347
2026-07-08,쿠팡,휴책,222,241,4392030,859000,0,0,1568,2423,371
2026-07-09,쿠팡,휴책,192,202,3678660,715600,0,0,1324,2225,326
2026-07-10,쿠팡,휴책,189,198,3623240,691200,0,0,1297,2233,342
2026-07-11,쿠팡,휴책,198,206,3755700,715600,0,0,1458,2357,359
2026-07-12,쿠팡,휴책,216,228,4179480,810300,0,0,1530,2473,393
2026-07-13,쿠팡,휴책,148,153,2759560,540000,0,0,1341,2197,351
2026-07-14,쿠팡,휴책,164,174,3171920,603600,0,0,0,0,0
2026-07-15,쿠팡,휴책,180,185,3369240,630900,0,0,0,0,0
2026-07-16,쿠팡,휴책,203,222,4093680,811700,0,0,1265,2083,219
2026-07-17,쿠팡,휴책,203,207,3824200,741100,0,0,1353,2146,274
2026-07-18,쿠팡,휴책,209,216,3977630,775400,0,0,1493,2385,287
2026-07-19,쿠팡,휴책,227,231,4204940,824900,0,0,1668,2662,306
2026-07-20,쿠팡,휴책,204,214,3848670,738700,0,0,1411,2207,235
2026-07-21,쿠팡,휴책,170,185,3370870,650600,0,0,1357,2064,210
2026-07-22,쿠팡,휴책,175,183,3343680,650300,0,0,1401,2165,233
2026-07-23,쿠팡,휴책,184,188,3418000,655400,0,0,0,0,0
2026-07-24,쿠팡,휴책,150,168,3006600,565900,0,0,1126,1690,191
2026-07-25,쿠팡,휴책,176,189,3420890,664100,0,0,1203,1931,214
2026-07-26,쿠팡,휴책,170,179,3215850,619300,0,0,1216,1900,187
2026-07-27,쿠팡,휴책,122,129,2330950,451900,0,0,1049,1687,174
2026-07-28,쿠팡,휴책,123,127,2277610,437100,0,0,961,1530,175
2026-07-29,쿠팡,휴책,136,141,2533860,486500,0,0,1046,1650,176
2026-07-30,쿠팡,휴책,148,151,2691360,523500,0,0,1099,1711,182
2026-07-31,쿠팡,휴책,158,185,3243510,619400,0,0,1143,1771,182
2026-08-01,쿠팡,휴책,154,166,2997560,587000,0,0,1200,1850,218
2026-08-02,쿠팡,휴책,151,158,2845990,551500,0,0,1280,1948,212
2026-08-03,쿠팡,휴책,170,177,3286150,651000,0,0,1292,2015,200
2026-08-04,쿠팡,휴책,157,160,2862340,564800,0,0,1238,1951,160
2026-08-05,쿠팡,휴책,148,155,2867310,563100,0,0,1154,1796,185
2026-08-06,쿠팡,휴책,119,124,2208350,428700,0,0,1184,1910,170
2026-08-07,쿠팡,휴책,130,138,2554050,505200,0,0,1230,1913,188
2026-08-08,쿠팡,휴책,133,137,2430820,487100,0,0,1190,1767,191
2026-08-09,쿠팡,휴책,199,225,4135560,877100,0,0,1476,2246,259
2026-08-10,쿠팡,휴책,256,265,4686700,932900,0,6,1722,2689,318
2026-08-11,쿠팡,휴책,226,236,4231220,831900,0,5,0,0,0
2026-08-12,쿠팡,휴책,327,361,6468990,1315200,0,2,0,0,0
2026-08-13,쿠팡,휴책,250,263,4704560,947800,0,4,1536,2493,277
2026-08-14,쿠팡,휴책,152,160,2829710,583400,0,1,1279,2062,243
2026-08-15,쿠팡,휴책,192,204,3632470,724300,0,5,1361,2132,255
2026-08-16,쿠팡,휴책,170,177,3092960,633500,0,0,1445,2325,264
2026-08-17,쿠팡,휴책,147,150,2685180,547700,0,3,1206,1944,219
2026-08-18,쿠팡,휴책,171,177,3111810,622600,0,5,1334,2138,223
2026-08-19,쿠팡,휴책,238,257,4617150,923800,0,7,1660,2581,325
2026-08-20,쿠팡,휴책,210,229,4028230,793500,0,9,1595,2503,301
2026-08-21,쿠팡,휴책,209,217,3834340,757400,0,8,1476,2308,300
2026-08-22,쿠팡,휴책,155,163,2875900,565900,0,6,1435,2278,237
2026-08-23,쿠팡,휴책,224,231,4130150,825200,0,4,1644,2565,308
2026-08-24,쿠팡,휴책,318,332,5949000,1201700,0,5,1685,2697,304
2026-08-25,쿠팡,휴책,277,292,5154270,1031200,0,6,1788,2818,336
2026-08-26,쿠팡,휴책,291,312,5542370,1108300,0,7,1822,2862,367
2026-08-27,쿠팡,휴책,297,311,5524010,1107900,0,6,1861,2868,319
2026-08-28,쿠팡,휴책,239,255,4432340,890600,0,4,1749,2762,335
2026-08-29,쿠팡,휴책,237,248,4417540,895100,0,3,1783,2701,325
2026-08-30,쿠팡,휴책,245,255,4484560,909900,0,4,0,0,0
2026-08-31,쿠팡,휴책,152,164,2850820,510900,0,15,1346,2210,246
2026-09-01,쿠팡,휴책,275,284,5160780,1009200,0,4,0,0,0
