상품명,통합품목
물리치료사가 판매하는 올투게더나우 ATN 팔꿈치 엘보 보호대 골프 테니스 배드민턴 헬스,ATN 팔꿈치보호대
올투게더나우 손목보호대 손목 팔목 아대 TFCC 밴드 지지대 일자형 한쪽,TFCC 손목보호대
유큐어 TFCC 손목 보호대 아대 밴드,TFCC 손목보호대
유큐어 손목보호대 TFCC 팔목 아대 임산부 손목 밴드 지지대 일자형 보호대,TFCC 손목보호대
물리치료사가 판매하는 올투게더나우 가벼운 허리보호대 복대,가벼운 허리보호대
올투게더나우 가벼운 허리보호대 복대,가벼운 허리보호대
올투게더나우 헬스 임산부 얇은 강력한 견인 손목 보호대 아대 1쌍 악력기 증정,견인 손목보호대
물리치료사가 판매하는 올투게더나우 목해먹 넥해먹,경추 목보호대
올투게더나우 경추 목 보호대 일자 거북 소프트 칼라 디스크 아대 지지대 깁스 기브스,경추 목보호대
올투게더나우 고정형 발목 보호대 아대,경추 목보호대
올투게더나우 목 보호대 밴드,경추 목보호대
올투게더나우 테이핑 발목 보호대 아대 1p,경추 목보호대
물리치료사가 판매하는 올투게더나우 고정 손목보호대,고정 손목보호대
올투게더나우 고정 손목보호대 아대 블랙,고정 손목보호대
국내생산 큐디아 PN 런닝 등산 배드민턴 헬스 관절 연골 무릎 보호대 압박 밴드1p,국내생산 무릎보호대
보호대연구소 국내생산 큐디아 PN 슬개건 슬개골 무릎 보호대 아대,국내생산 무릎보호대
유큐어 국내생산 PN 슬개골 슬개건 무릎 보호대,국내생산 무릎보호대
올투게더나우 물리치료사가 판매하는 꽉쪼아 손목 보호대 아대 엄지손가락 스트랩 운동 골프 테니스,꽉쪼아 손목보호대
올투게더나우 2p 꽉쪼아 팔꿈치보호대 아대 슬리브 밴드 테이핑 골프 농구 테니스 헬스,꽉쪼아 팔꿈치보호대
보호대 연구소 국내 생산 무릎 슬리브 보호대 아대 슬개건 슬개골 니슬리브,니슬리브 무릎보호대
올투게더나우 코지 무릎보호대 등산 헬스 농구 배구 런닝 러닝 군인 슬개골 관절 니슬리브,니슬리브 무릎보호대
물리치료사가 판매하는 올투게더나우 다이얼 압박 무릎보호대 1p,다이얼 무릎보호대
올투게더나우 다이얼 압박 무릎 보호대 아대,다이얼 무릎보호대
유큐어 대퇴 슬개 압박 무릎보호대 무릎 아대,대퇴 슬개 무릎보호대
올투게더나우 허리 보호대 남자 여자 디스크 요추 척추 더나은 복대 지지대 밴드,더나은 허리보호대
유큐어 더나은 허리보호대 허리 복대,더나은 허리보호대
물리치료사가 판매하는 올투게더나우 디스크 도르래 원와이어 허리보호대 복대 지지대,도르래 허리보호대
물리치료사가 판매하는 올투게더나우 디스크 바른요 허리보호대 허리 복대,디스크 바른요 허리보호대
올투게더나우 디스크 바른요 허리보호대,디스크 바른요 허리보호대
올투게더나우 바른요 허리보호대,디스크 바른요 허리보호대
올투게더나우 바른요 허리보호대 복대 마사지볼 세트,디스크 바른요 허리보호대
물리치료사가 판매하는 올투게더나우 디스크 블랙 허리보호대 허리복대,디스크 블랙 허리보호대
올투게더나우 A형 악력기,마사지볼·소품
올투게더나우 마사지볼 블랙,마사지볼·소품
올투게더나우 추가용 교체 스트랩,마사지볼·소품
유큐어 국내 생산 마이핏 무릎보호대,마이핏 무릎보호대
올투게더나우 헬스 골프 테니스 클라이밍 임산부 팔목 마이핏 손목 보호대 아대,마이핏 손목보호대
무릎 보호대 운동 달리기 농구 등산 보호,무릎보호대 기타
물리치료사가 판매하는 올투게더나우 더나은 무릎보호대,무릎보호대 기타
물리치료사가 판매하는 올투게더나우 무릎 보온대 방한대 보호대 2p,무릎보호대 기타
물리치료사가 판매하는 올투게더나우 쫀쫀 무릎 보호대,무릎보호대 기타
앞날창창 무릎보호대 블랙,무릎보호대 기타
올투게더나우 미국 스포츠 쿨파스 바르는 파스 쿨링 휴대용 스포츠겔 무릎 허리 손목 관절 근육,무릎보호대 기타
올투게더나우 쫀쫀 무릎 보호대,무릎보호대 기타
블랙 1쌍,미분류
블랙 한쪽,미분류
물리치료사가 판매하는 올투게더나우 바른자세 허리보호대,바른자세 허리보호대
올투게더나우 바른자세 허리보호대,바른자세 허리보호대
물리치료사가 판매하는 올투게더나우 엄지 발가락 보호대,발가락보호대
올투게더나우 엄지 발가락 보호대,발가락보호대
올투게더나우 발란스 팔꿈치보호대 테니스 골프 배드민턴 헬스 엘보 엘보우 팔 팔뚝 아대 밴드,발란스 팔꿈치보호대
물리치료사가 판매하는 올투게더나우 자바라 발목보호대 발목 아대 2p,발목보호대
올투게더나우 자바라 발목보호대 2p,발목보호대
올투게더나우 헬스 스포츠 축구 발목 관절 보호대 아대 밴드 지지대,발목보호대
올투게더나우 물리치료사가 판매하는 발아치패드 아치패드 주상골 발바닥 패드 밴드,발아치패드
올투게더나우 아치패드 깔창 2p 1set,발아치패드
유큐어 주상골 압박 아치패드 깔창 스킨색 2p,발아치패드
올투게더나우 베나 니슬리브 무릎 보호대 러닝 관절 아대 등산 헬스 운동 농구 테니스 배구 2p 1set,베나 니슬리브
올투게더나우 물리치료사가 판매하는 세이즈 손목보호대 손목아대,세이즈 손목보호대
물리치료사가 판매하는 올투게더나우 모든 손가락 보호대,손가락보호대
물리치료사가 판매하는 올투게더나우 손가락 엄지 검지 중지 약지 새끼 보호대 아대 지지대,손가락보호대
올투게더나우 손가락 보호대 밴드,손가락보호대
물리치료사가 판매하는 올투게더나우 손목보호대,손목보호대 기타
보호대연구소 국내생산 손목 보호대 아대,손목보호대 기타
올투게더나우 강력 압박 스트랩 손목 보호대 아대,손목보호대 기타
올투게더나우 관절 압박 손목 보호대 아대 블랙,손목보호대 기타
올투게더나우 관절 압박 손목보호대 아대 핑크,손목보호대 기타
올투게더나우 손목보호대 아대 2p,손목보호대 기타
올투게더나우 이중압박 손목 보호대 블랙,손목보호대 기타
올투게더나우 트위스트바 블랙 전완근 손목 운동,손목보호대 기타
유큐어 더나은 손목보호대 아대,손목보호대 기타
유큐어 손목 압박 보호대 아대 2p 1set 블랙,손목보호대 기타
올투게더나우 스트랩 벡터 무릎보호대 슬개골 슬개건 보호대 러닝 축구 농구 배구 테니스 등산 무릅 밴드,스트랩 벡터 무릎보호대
휴책 보호대연구소 스트랩 벡터 무릎보호대 슬개골 슬개건 보호대,스트랩 벡터 무릎보호대
올투게더나우 무릎보호대 슬개건 슬개골 러닝 보호대 무릎 관절 아대 보호 밴드 한쪽 마사지볼,슬개건 무릎보호대
유큐어 슬개건 압박 무릎보호대,슬개건 무릎보호대
큐디아 무릎 슬개건 슬개골 보호대 러닝 무릎 관절 보호 밴드 니 슬리브 1P,슬개건 무릎보호대
휴책 보호대연구소 무릎보호대 슬개건 슬개골 보호대 러닝 무릎 보호대 아대 관절 보호 밴드,슬개건 무릎보호대
물리치료사가 판매하는 올투게더나우 실리콘 손목 보호대,실리콘 손목보호대
올투게더나우 아치 업 깔창 실리콘 뒤꿈치 군대 군인 군화 행군,아치업 깔창
휴책 보호대연구소 아치업 아치 보조 발바닥 신발 깔창 패드 실리콘 뒤꿈치 군대 군인 군화 행군 1set,아치업 깔창
물리치료사가 판매하는 올투게더나우 얇은 허리 보호대,얇은 허리보호대
올투게더나우 얇은 허리 보호대,얇은 허리보호대
어깨 보정 밴드,어깨보호대
올투게더나우 어깨 보호대 밴드 회전근개 쇄골 아대 압박 헬스 골프,어깨보호대
올투게더나우 어깨보호대,어깨보호대
올투게더나우 자세펴 바른 자세 밴드 굽은등 척추 말린 어깨 라운드숄더 핏 허리 교정기,어깨보호대
올투게더나우 자세펴 바른 자세 어깨 밴드,어깨보호대
올투게더나우 친환경 땅콩 싱글 마사지 지압 스트레칭 공 발 어깨 승모근 요가 마사지 볼,어깨보호대
물리치료사가 판매하는 올투게더나우 4세대 영자 무릎보호대 무릅 무름 무릎 아대 헬스 러닝,영자 무릎보호대
물리치료사가 판매하는 올투게더나우 4세대 영자 무릎보호대 아대 블랙,영자 무릎보호대
물리치료사가 판매하는 올투게더나우 영자 무릎보호대 양쪽,영자 무릎보호대
올투게더나우 4세대 영자 무릎보호대 아대,영자 무릎보호대
올투게더나우 8세대 영자 무릎 보호대 러닝 스쿼트 테이핑 크로스핏 니슬리브 한쪽,영자 무릎보호대
올투게더나우 8세대 영자 무릎 보호대 아대,영자 무릎보호대
올투게더나우 리뉴얼 4세대 영자 무릎 보호대 아대 블랙,영자 무릎보호대
올투게더나우 리뉴얼 4세대 영자 무릎 보호대 아대 화이트,영자 무릎보호대
올투게더나우 영자 무릎보호대 아대,영자 무릎보호대
올투게더나우 영자 무릎보호대 헬스 등산 러닝 스쿼트 테이핑 크로스핏 무릎 아대 밴드,영자 무릎보호대
보호대연구소 큐디아 온열 저주파 손목 보호대 아대,온열 손목보호대
큐디아 손목 보호대 T1 온열 저주파 마사지 아대 산후 산전 헬스 테니스 찜질 EMS,온열 손목보호대
물리치료사가 판매하는 올투게더나우 올바른 척추 골프 여름용 갈비뼈 얇은 허리 보호대 복대,올바른 척추 허리보호대
올투게더나우 올바른 허리보호대 허리 복대,올바른 척추 허리보호대
보호대연구소 큐디아 베노핏 레그 릴렉서 의료용 압박스타킹 종아리형 1set,의료용 허리보호대
휴책 보호대연구소 의료용 허리보호대 복대 척추 허리 지지대 밴드,의료용 허리보호대
유큐어 이중 스트랩 허리보호대 허리 복대,이중 스트랩 허리보호대
유큐어 이중압박 허리 보호대 남자 여자 요추 척추 복대 지지대 밴드,이중압박 허리보호대
올투게더나우 물리치료사가 직접 판매하는 발열 허리 디스크 척추 보호대 복대,자가발열 허리보호대
유큐어 자가발열 허리 보호대 복대,자가발열 허리보호대
물리치료사가 추천하는 1+1 요가링 종아리링 릴렉스링 엠보링,종아리·압박스타킹
물리치료사가 판매하는 올투게더나우 쫀쫀 손목 보호대 2p 1set,쫀쫀 손목보호대
보호대연구소 쫀쫀 손목 보호대 아대 2p,쫀쫀 손목보호대
올투게더나우 쫀쫀 손목 보호대 아대 2p,쫀쫀 손목보호대
올투게더나우 물리치료사가 판매하는 쫀쫀 엘보 팔꿈치 보호대 아대 골프 테니스 배드민턴 헬스,쫀쫀 엘보
유큐어 쫀쫀 엘보 팔꿈치 보호대 엘보우 압박 아대 테니스 배드민턴,쫀쫀 엘보
올투게더나우 코지 무릎 보호대 2p 1set,코지 무릎보호대
미국 올림픽 선수도 사용하는 케이티 테이프 오리지널 본사 스포츠 테이핑 키네시올로지 손목 무릎 어깨 근육,테이핑 무릎보호대
유큐어 뉴테이핑 무릎 압박 보호대 아대,테이핑 무릎보호대
유큐어 테이핑 무릎보호대 무릎 아대,테이핑 무릎보호대
물리치료사가 판매하는 올투게더나우 컨시더 팔꿈치보호대,팔꿈치보호대 기타
물리치료사가 판매하는 올투게더나우 팔꿈치 엘보 보호대,팔꿈치보호대 기타
올투게더나우 팔꿈치 고급 엘보 보호대,팔꿈치보호대 기타
올투게더나우 팔꿈치 보호대,팔꿈치보호대 기타
올투게더나우 팔꿈치 보호대 2p 1set,팔꿈치보호대 기타
올투게더나우 팔꿈치 엘보 보호대,팔꿈치보호대 기타
올투게더나우 팔꿈치보호대 테니스 배드민턴 배구 전완근 엘보우 엘보 마사지볼,팔꿈치보호대 기타
유큐어 팔꿈치보호대 전완근 엘보 압박 아대 배드민턴 배구 테니스 힘줄 엘보우 압박 보호대,팔꿈치보호대 기타
올투게더나우 와이어 허리 복대 허리보호대 마사지볼 세트,허리보호대 기타
올투게더나우 원와이어 허리보호대,허리보호대 기타
올투게더나우 탄력 압박 허리 보호대 복대,허리보호대 기타
올투게더나우 허리보호대 복대,허리보호대 기타
올투게더나우 허리보호대 요추 디스크 복대 임산부 헬스 밴드,허리보호대 기타
유큐어 허리보호대 복대,허리보호대 기타
휴책 보호대연구소 냉 온열 찜질 복부 허리 보호대 복대,허리보호대 기타
올투게더나우 힐링허그 온열 냉 찜질 허리보호대 생리 복부 복대 밴드 허리 벨트 지지대,힐링허그 온열 복대
